-- MySQL dump 10.13  Distrib 5.7.24, for osx11.1 (x86_64)
--
-- Host: localhost    Database: eav_api
-- ------------------------------------------------------
-- Server version	8.0.40

/*!40101 SET @OLD_CHARACTER_SET_CLIENT=@@CHARACTER_SET_CLIENT */;
/*!40101 SET @OLD_CHARACTER_SET_RESULTS=@@CHARACTER_SET_RESULTS */;
/*!40101 SET @OLD_COLLATION_CONNECTION=@@COLLATION_CONNECTION */;
/*!40101 SET NAMES utf8 */;
/*!40103 SET @OLD_TIME_ZONE=@@TIME_ZONE */;
/*!40103 SET TIME_ZONE='+00:00' */;
/*!40014 SET @OLD_UNIQUE_CHECKS=@@UNIQUE_CHECKS, UNIQUE_CHECKS=0 */;
/*!40014 SET @OLD_FOREIGN_KEY_CHECKS=@@FOREIGN_KEY_CHECKS, FOREIGN_KEY_CHECKS=0 */;
/*!40101 SET @OLD_SQL_MODE=@@SQL_MODE, SQL_MODE='NO_AUTO_VALUE_ON_ZERO' */;
/*!40111 SET @OLD_SQL_NOTES=@@SQL_NOTES, SQL_NOTES=0 */;

--
-- Table structure for table `attribute_values`
--

DROP TABLE IF EXISTS `attribute_values`;
/*!40101 SET @saved_cs_client     = @@character_set_client */;
/*!40101 SET character_set_client = utf8 */;
CREATE TABLE `attribute_values` (
  `id` bigint unsigned NOT NULL AUTO_INCREMENT,
  `attribute_id` bigint unsigned NOT NULL,
  `entity_id` bigint unsigned NOT NULL,
  `value` text COLLATE utf8mb4_unicode_ci NOT NULL,
  `created_at` timestamp NULL DEFAULT NULL,
  `updated_at` timestamp NULL DEFAULT NULL,
  PRIMARY KEY (`id`),
  UNIQUE KEY `attribute_values_attribute_id_entity_id_unique` (`attribute_id`,`entity_id`),
  KEY `attribute_values_entity_id_foreign` (`entity_id`),
  CONSTRAINT `attribute_values_attribute_id_foreign` FOREIGN KEY (`attribute_id`) REFERENCES `attributes` (`id`) ON DELETE CASCADE,
  CONSTRAINT `attribute_values_entity_id_foreign` FOREIGN KEY (`entity_id`) REFERENCES `projects` (`id`) ON DELETE CASCADE
) ENGINE=InnoDB AUTO_INCREMENT=61 DEFAULT CHARSET=utf8mb4 COLLATE=utf8mb4_unicode_ci;
/*!40101 SET character_set_client = @saved_cs_client */;

--
-- Dumping data for table `attribute_values`
--

LOCK TABLES `attribute_values` WRITE;
/*!40000 ALTER TABLE `attribute_values` DISABLE KEYS */;
INSERT INTO `attribute_values` VALUES (1,1,1,'pariatur','2025-02-10 03:54:17','2025-02-10 03:54:17'),(2,2,1,'2025-01-24','2025-02-10 03:54:17','2025-02-10 03:54:17'),(3,3,1,'2024-11-03','2025-02-10 03:54:17','2025-02-10 03:54:17'),(4,1,2,'quia','2025-02-10 03:54:17','2025-02-10 03:54:17'),(5,2,2,'2025-01-13','2025-02-10 03:54:17','2025-02-10 03:54:17'),(6,3,2,'2024-11-03','2025-02-10 03:54:17','2025-02-10 03:54:17'),(7,1,3,'maxime','2025-02-10 03:54:17','2025-02-10 03:54:17'),(8,2,3,'2025-01-05','2025-02-10 03:54:17','2025-02-10 03:54:17'),(9,3,3,'2025-01-31','2025-02-10 03:54:17','2025-02-10 03:54:17'),(10,1,4,'laborum','2025-02-10 03:54:17','2025-02-10 03:54:17'),(11,2,4,'2024-12-06','2025-02-10 03:54:17','2025-02-10 03:54:17'),(12,3,4,'2024-12-25','2025-02-10 03:54:17','2025-02-10 03:54:17'),(13,1,5,'perferendis','2025-02-10 03:54:17','2025-02-10 03:54:17'),(14,2,5,'2024-11-20','2025-02-10 03:54:17','2025-02-10 03:54:17'),(15,3,5,'2024-12-19','2025-02-10 03:54:17','2025-02-10 03:54:17'),(16,1,6,'corporis','2025-02-10 03:54:17','2025-02-10 03:54:17'),(17,2,6,'2024-11-30','2025-02-10 03:54:17','2025-02-10 03:54:17'),(18,3,6,'2025-01-03','2025-02-10 03:54:17','2025-02-10 03:54:17'),(19,1,7,'placeat','2025-02-10 03:54:17','2025-02-10 03:54:17'),(20,2,7,'2024-11-11','2025-02-10 03:54:17','2025-02-10 03:54:17'),(21,3,7,'2024-12-05','2025-02-10 03:54:17','2025-02-10 03:54:17'),(22,1,8,'et','2025-02-10 03:54:17','2025-02-10 03:54:17'),(23,2,8,'2024-11-24','2025-02-10 03:54:17','2025-02-10 03:54:17'),(24,3,8,'2024-12-23','2025-02-10 03:54:17','2025-02-10 03:54:17'),(25,1,9,'commodi','2025-02-10 03:54:17','2025-02-10 03:54:17'),(26,2,9,'2024-11-26','2025-02-10 03:54:17','2025-02-10 03:54:17'),(27,3,9,'2024-12-17','2025-02-10 03:54:17','2025-02-10 03:54:17'),(28,1,10,'quia','2025-02-10 03:54:17','2025-02-10 03:54:17'),(29,2,10,'2024-12-02','2025-02-10 03:54:17','2025-02-10 03:54:17'),(30,3,10,'2024-12-09','2025-02-10 03:54:17','2025-02-10 03:54:17'),(31,1,11,'animi','2025-02-10 03:54:17','2025-02-10 03:54:17'),(32,2,11,'2024-12-01','2025-02-10 03:54:17','2025-02-10 03:54:17'),(33,3,11,'2024-11-30','2025-02-10 03:54:17','2025-02-10 03:54:17'),(34,1,12,'laboriosam','2025-02-10 03:54:17','2025-02-10 03:54:17'),(35,2,12,'2025-01-02','2025-02-10 03:54:17','2025-02-10 03:54:17'),(36,3,12,'2025-01-11','2025-02-10 03:54:17','2025-02-10 03:54:17'),(37,1,13,'eos','2025-02-10 03:54:17','2025-02-10 03:54:17'),(38,2,13,'2024-11-12','2025-02-10 03:54:17','2025-02-10 03:54:17'),(39,3,13,'2024-12-01','2025-02-10 03:54:17','2025-02-10 03:54:17'),(40,1,14,'qui','2025-02-10 03:54:17','2025-02-10 03:54:17'),(41,2,14,'2024-12-04','2025-02-10 03:54:17','2025-02-10 03:54:17'),(42,3,14,'2024-12-06','2025-02-10 03:54:17','2025-02-10 03:54:17'),(43,1,15,'et','2025-02-10 03:54:17','2025-02-10 03:54:17'),(44,2,15,'2024-12-25','2025-02-10 03:54:17','2025-02-10 03:54:17'),(45,3,15,'2025-01-20','2025-02-10 03:54:17','2025-02-10 03:54:17'),(46,1,16,'error','2025-02-10 03:54:17','2025-02-10 03:54:17'),(47,2,16,'2025-01-24','2025-02-10 03:54:17','2025-02-10 03:54:17'),(48,3,16,'2024-12-15','2025-02-10 03:54:17','2025-02-10 03:54:17'),(49,1,17,'est','2025-02-10 03:54:17','2025-02-10 03:54:17'),(50,2,17,'2024-11-10','2025-02-10 03:54:17','2025-02-10 03:54:17'),(51,3,17,'2024-11-15','2025-02-10 03:54:17','2025-02-10 03:54:17'),(52,1,18,'laborum','2025-02-10 03:54:17','2025-02-10 03:54:17'),(53,2,18,'2025-01-05','2025-02-10 03:54:17','2025-02-10 03:54:17'),(54,3,18,'2024-12-22','2025-02-10 03:54:17','2025-02-10 03:54:17'),(55,1,19,'excepturi','2025-02-10 03:54:17','2025-02-10 03:54:17'),(56,2,19,'2024-11-05','2025-02-10 03:54:17','2025-02-10 03:54:17'),(57,3,19,'2024-11-28','2025-02-10 03:54:17','2025-02-10 03:54:17'),(58,1,20,'velit','2025-02-10 03:54:17','2025-02-10 03:54:17'),(59,2,20,'2024-12-11','2025-02-10 03:54:17','2025-02-10 03:54:17'),(60,3,20,'2024-12-09','2025-02-10 03:54:17','2025-02-10 03:54:17');
/*!40000 ALTER TABLE `attribute_values` ENABLE KEYS */;
UNLOCK TABLES;

--
-- Table structure for table `attributes`
--

DROP TABLE IF EXISTS `attributes`;
/*!40101 SET @saved_cs_client     = @@character_set_client */;
/*!40101 SET character_set_client = utf8 */;
CREATE TABLE `attributes` (
  `id` bigint unsigned NOT NULL AUTO_INCREMENT,
  `name` varchar(255) COLLATE utf8mb4_unicode_ci NOT NULL DEFAULT '',
  `type` tinyint unsigned NOT NULL,
  `created_at` timestamp NULL DEFAULT NULL,
  `updated_at` timestamp NULL DEFAULT NULL,
  PRIMARY KEY (`id`)
) ENGINE=InnoDB AUTO_INCREMENT=4 DEFAULT CHARSET=utf8mb4 COLLATE=utf8mb4_unicode_ci;
/*!40101 SET character_set_client = @saved_cs_client */;

--
-- Dumping data for table `attributes`
--

LOCK TABLES `attributes` WRITE;
/*!40000 ALTER TABLE `attributes` DISABLE KEYS */;
INSERT INTO `attributes` VALUES (1,'department',1,'2025-02-10 03:54:17','2025-02-10 03:54:17'),(2,'start_date',2,'2025-02-10 03:54:17','2025-02-10 03:54:17'),(3,'end_date',2,'2025-02-10 03:54:17','2025-02-10 03:54:17');
/*!40000 ALTER TABLE `attributes` ENABLE KEYS */;
UNLOCK TABLES;

--
-- Table structure for table `cache`
--

DROP TABLE IF EXISTS `cache`;
/*!40101 SET @saved_cs_client     = @@character_set_client */;
/*!40101 SET character_set_client = utf8 */;
CREATE TABLE `cache` (
  `key` varchar(255) COLLATE utf8mb4_unicode_ci NOT NULL,
  `value` mediumtext COLLATE utf8mb4_unicode_ci NOT NULL,
  `expiration` int NOT NULL,
  PRIMARY KEY (`key`)
) ENGINE=InnoDB DEFAULT CHARSET=utf8mb4 COLLATE=utf8mb4_unicode_ci;
/*!40101 SET character_set_client = @saved_cs_client */;

--
-- Dumping data for table `cache`
--

LOCK TABLES `cache` WRITE;
/*!40000 ALTER TABLE `cache` DISABLE KEYS */;
/*!40000 ALTER TABLE `cache` ENABLE KEYS */;
UNLOCK TABLES;

--
-- Table structure for table `cache_locks`
--

DROP TABLE IF EXISTS `cache_locks`;
/*!40101 SET @saved_cs_client     = @@character_set_client */;
/*!40101 SET character_set_client = utf8 */;
CREATE TABLE `cache_locks` (
  `key` varchar(255) COLLATE utf8mb4_unicode_ci NOT NULL,
  `owner` varchar(255) COLLATE utf8mb4_unicode_ci NOT NULL,
  `expiration` int NOT NULL,
  PRIMARY KEY (`key`)
) ENGINE=InnoDB DEFAULT CHARSET=utf8mb4 COLLATE=utf8mb4_unicode_ci;
/*!40101 SET character_set_client = @saved_cs_client */;

--
-- Dumping data for table `cache_locks`
--

LOCK TABLES `cache_locks` WRITE;
/*!40000 ALTER TABLE `cache_locks` DISABLE KEYS */;
/*!40000 ALTER TABLE `cache_locks` ENABLE KEYS */;
UNLOCK TABLES;

--
-- Table structure for table `failed_jobs`
--

DROP TABLE IF EXISTS `failed_jobs`;
/*!40101 SET @saved_cs_client     = @@character_set_client */;
/*!40101 SET character_set_client = utf8 */;
CREATE TABLE `failed_jobs` (
  `id` bigint unsigned NOT NULL AUTO_INCREMENT,
  `uuid` varchar(255) COLLATE utf8mb4_unicode_ci NOT NULL,
  `connection` text COLLATE utf8mb4_unicode_ci NOT NULL,
  `queue` text COLLATE utf8mb4_unicode_ci NOT NULL,
  `payload` longtext COLLATE utf8mb4_unicode_ci NOT NULL,
  `exception` longtext COLLATE utf8mb4_unicode_ci NOT NULL,
  `failed_at` timestamp NOT NULL DEFAULT CURRENT_TIMESTAMP,
  PRIMARY KEY (`id`),
  UNIQUE KEY `failed_jobs_uuid_unique` (`uuid`)
) ENGINE=InnoDB DEFAULT CHARSET=utf8mb4 COLLATE=utf8mb4_unicode_ci;
/*!40101 SET character_set_client = @saved_cs_client */;

--
-- Dumping data for table `failed_jobs`
--

LOCK TABLES `failed_jobs` WRITE;
/*!40000 ALTER TABLE `failed_jobs` DISABLE KEYS */;
/*!40000 ALTER TABLE `failed_jobs` ENABLE KEYS */;
UNLOCK TABLES;

--
-- Table structure for table `job_batches`
--

DROP TABLE IF EXISTS `job_batches`;
/*!40101 SET @saved_cs_client     = @@character_set_client */;
/*!40101 SET character_set_client = utf8 */;
CREATE TABLE `job_batches` (
  `id` varchar(255) COLLATE utf8mb4_unicode_ci NOT NULL,
  `name` varchar(255) COLLATE utf8mb4_unicode_ci NOT NULL,
  `total_jobs` int NOT NULL,
  `pending_jobs` int NOT NULL,
  `failed_jobs` int NOT NULL,
  `failed_job_ids` longtext COLLATE utf8mb4_unicode_ci NOT NULL,
  `options` mediumtext COLLATE utf8mb4_unicode_ci,
  `cancelled_at` int DEFAULT NULL,
  `created_at` int NOT NULL,
  `finished_at` int DEFAULT NULL,
  PRIMARY KEY (`id`)
) ENGINE=InnoDB DEFAULT CHARSET=utf8mb4 COLLATE=utf8mb4_unicode_ci;
/*!40101 SET character_set_client = @saved_cs_client */;

--
-- Dumping data for table `job_batches`
--

LOCK TABLES `job_batches` WRITE;
/*!40000 ALTER TABLE `job_batches` DISABLE KEYS */;
/*!40000 ALTER TABLE `job_batches` ENABLE KEYS */;
UNLOCK TABLES;

--
-- Table structure for table `jobs`
--

DROP TABLE IF EXISTS `jobs`;
/*!40101 SET @saved_cs_client     = @@character_set_client */;
/*!40101 SET character_set_client = utf8 */;
CREATE TABLE `jobs` (
  `id` bigint unsigned NOT NULL AUTO_INCREMENT,
  `queue` varchar(255) COLLATE utf8mb4_unicode_ci NOT NULL,
  `payload` longtext COLLATE utf8mb4_unicode_ci NOT NULL,
  `attempts` tinyint unsigned NOT NULL,
  `reserved_at` int unsigned DEFAULT NULL,
  `available_at` int unsigned NOT NULL,
  `created_at` int unsigned NOT NULL,
  PRIMARY KEY (`id`),
  KEY `jobs_queue_index` (`queue`)
) ENGINE=InnoDB DEFAULT CHARSET=utf8mb4 COLLATE=utf8mb4_unicode_ci;
/*!40101 SET character_set_client = @saved_cs_client */;

--
-- Dumping data for table `jobs`
--

LOCK TABLES `jobs` WRITE;
/*!40000 ALTER TABLE `jobs` DISABLE KEYS */;
/*!40000 ALTER TABLE `jobs` ENABLE KEYS */;
UNLOCK TABLES;

--
-- Table structure for table `migrations`
--

DROP TABLE IF EXISTS `migrations`;
/*!40101 SET @saved_cs_client     = @@character_set_client */;
/*!40101 SET character_set_client = utf8 */;
CREATE TABLE `migrations` (
  `id` int unsigned NOT NULL AUTO_INCREMENT,
  `migration` varchar(255) COLLATE utf8mb4_unicode_ci NOT NULL,
  `batch` int NOT NULL,
  PRIMARY KEY (`id`)
) ENGINE=InnoDB AUTO_INCREMENT=17 DEFAULT CHARSET=utf8mb4 COLLATE=utf8mb4_unicode_ci;
/*!40101 SET character_set_client = @saved_cs_client */;

--
-- Dumping data for table `migrations`
--

LOCK TABLES `migrations` WRITE;
/*!40000 ALTER TABLE `migrations` DISABLE KEYS */;
INSERT INTO `migrations` VALUES (1,'0001_01_01_000000_create_users_table',1),(2,'0001_01_01_000001_create_cache_table',1),(3,'0001_01_01_000002_create_jobs_table',1),(4,'2025_02_09_075000_change_name_to_first_and_last_names_for_users',1),(5,'2025_02_09_075305_create_projects_table',1),(6,'2025_02_09_075450_create_project_user_table',1),(7,'2025_02_09_080027_create_timesheets_table',1),(8,'2025_02_09_080700_create_attributes_table',1),(9,'2025_02_09_080816_create_attribute_values_table',1),(10,'2025_02_09_151551_create_oauth_auth_codes_table',1),(11,'2025_02_09_151552_create_oauth_access_tokens_table',1),(12,'2025_02_09_151553_create_oauth_refresh_tokens_table',1),(13,'2025_02_09_151554_create_oauth_clients_table',1),(14,'2025_02_09_151555_create_oauth_personal_access_clients_table',1),(15,'2025_02_10_054806_add_unique_index_to_attribute_values',1),(16,'2025_02_10_103804_change_attribute_type_column',2);
/*!40000 ALTER TABLE `migrations` ENABLE KEYS */;
UNLOCK TABLES;

--
-- Table structure for table `oauth_access_tokens`
--

DROP TABLE IF EXISTS `oauth_access_tokens`;
/*!40101 SET @saved_cs_client     = @@character_set_client */;
/*!40101 SET character_set_client = utf8 */;
CREATE TABLE `oauth_access_tokens` (
  `id` varchar(100) COLLATE utf8mb4_unicode_ci NOT NULL,
  `user_id` bigint unsigned DEFAULT NULL,
  `client_id` char(36) COLLATE utf8mb4_unicode_ci NOT NULL,
  `name` varchar(255) COLLATE utf8mb4_unicode_ci DEFAULT NULL,
  `scopes` text COLLATE utf8mb4_unicode_ci,
  `revoked` tinyint(1) NOT NULL,
  `created_at` timestamp NULL DEFAULT NULL,
  `updated_at` timestamp NULL DEFAULT NULL,
  `expires_at` datetime DEFAULT NULL,
  PRIMARY KEY (`id`),
  KEY `oauth_access_tokens_user_id_index` (`user_id`)
) ENGINE=InnoDB DEFAULT CHARSET=utf8mb4 COLLATE=utf8mb4_unicode_ci;
/*!40101 SET character_set_client = @saved_cs_client */;

--
-- Dumping data for table `oauth_access_tokens`
--

LOCK TABLES `oauth_access_tokens` WRITE;
/*!40000 ALTER TABLE `oauth_access_tokens` DISABLE KEYS */;
/*!40000 ALTER TABLE `oauth_access_tokens` ENABLE KEYS */;
UNLOCK TABLES;

--
-- Table structure for table `oauth_auth_codes`
--

DROP TABLE IF EXISTS `oauth_auth_codes`;
/*!40101 SET @saved_cs_client     = @@character_set_client */;
/*!40101 SET character_set_client = utf8 */;
CREATE TABLE `oauth_auth_codes` (
  `id` varchar(100) COLLATE utf8mb4_unicode_ci NOT NULL,
  `user_id` bigint unsigned NOT NULL,
  `client_id` char(36) COLLATE utf8mb4_unicode_ci NOT NULL,
  `scopes` text COLLATE utf8mb4_unicode_ci,
  `revoked` tinyint(1) NOT NULL,
  `expires_at` datetime DEFAULT NULL,
  PRIMARY KEY (`id`),
  KEY `oauth_auth_codes_user_id_index` (`user_id`)
) ENGINE=InnoDB DEFAULT CHARSET=utf8mb4 COLLATE=utf8mb4_unicode_ci;
/*!40101 SET character_set_client = @saved_cs_client */;

--
-- Dumping data for table `oauth_auth_codes`
--

LOCK TABLES `oauth_auth_codes` WRITE;
/*!40000 ALTER TABLE `oauth_auth_codes` DISABLE KEYS */;
/*!40000 ALTER TABLE `oauth_auth_codes` ENABLE KEYS */;
UNLOCK TABLES;

--
-- Table structure for table `oauth_clients`
--

DROP TABLE IF EXISTS `oauth_clients`;
/*!40101 SET @saved_cs_client     = @@character_set_client */;
/*!40101 SET character_set_client = utf8 */;
CREATE TABLE `oauth_clients` (
  `id` char(36) COLLATE utf8mb4_unicode_ci NOT NULL,
  `user_id` bigint unsigned DEFAULT NULL,
  `name` varchar(255) COLLATE utf8mb4_unicode_ci NOT NULL,
  `secret` varchar(100) COLLATE utf8mb4_unicode_ci DEFAULT NULL,
  `provider` varchar(255) COLLATE utf8mb4_unicode_ci DEFAULT NULL,
  `redirect` text COLLATE utf8mb4_unicode_ci NOT NULL,
  `personal_access_client` tinyint(1) NOT NULL,
  `password_client` tinyint(1) NOT NULL,
  `revoked` tinyint(1) NOT NULL,
  `created_at` timestamp NULL DEFAULT NULL,
  `updated_at` timestamp NULL DEFAULT NULL,
  PRIMARY KEY (`id`),
  KEY `oauth_clients_user_id_index` (`user_id`)
) ENGINE=InnoDB DEFAULT CHARSET=utf8mb4 COLLATE=utf8mb4_unicode_ci;
/*!40101 SET character_set_client = @saved_cs_client */;

--
-- Dumping data for table `oauth_clients`
--

LOCK TABLES `oauth_clients` WRITE;
/*!40000 ALTER TABLE `oauth_clients` DISABLE KEYS */;
/*!40000 ALTER TABLE `oauth_clients` ENABLE KEYS */;
UNLOCK TABLES;

--
-- Table structure for table `oauth_personal_access_clients`
--

DROP TABLE IF EXISTS `oauth_personal_access_clients`;
/*!40101 SET @saved_cs_client     = @@character_set_client */;
/*!40101 SET character_set_client = utf8 */;
CREATE TABLE `oauth_personal_access_clients` (
  `id` bigint unsigned NOT NULL AUTO_INCREMENT,
  `client_id` char(36) COLLATE utf8mb4_unicode_ci NOT NULL,
  `created_at` timestamp NULL DEFAULT NULL,
  `updated_at` timestamp NULL DEFAULT NULL,
  PRIMARY KEY (`id`)
) ENGINE=InnoDB DEFAULT CHARSET=utf8mb4 COLLATE=utf8mb4_unicode_ci;
/*!40101 SET character_set_client = @saved_cs_client */;

--
-- Dumping data for table `oauth_personal_access_clients`
--

LOCK TABLES `oauth_personal_access_clients` WRITE;
/*!40000 ALTER TABLE `oauth_personal_access_clients` DISABLE KEYS */;
/*!40000 ALTER TABLE `oauth_personal_access_clients` ENABLE KEYS */;
UNLOCK TABLES;

--
-- Table structure for table `oauth_refresh_tokens`
--

DROP TABLE IF EXISTS `oauth_refresh_tokens`;
/*!40101 SET @saved_cs_client     = @@character_set_client */;
/*!40101 SET character_set_client = utf8 */;
CREATE TABLE `oauth_refresh_tokens` (
  `id` varchar(100) COLLATE utf8mb4_unicode_ci NOT NULL,
  `access_token_id` varchar(100) COLLATE utf8mb4_unicode_ci NOT NULL,
  `revoked` tinyint(1) NOT NULL,
  `expires_at` datetime DEFAULT NULL,
  PRIMARY KEY (`id`),
  KEY `oauth_refresh_tokens_access_token_id_index` (`access_token_id`)
) ENGINE=InnoDB DEFAULT CHARSET=utf8mb4 COLLATE=utf8mb4_unicode_ci;
/*!40101 SET character_set_client = @saved_cs_client */;

--
-- Dumping data for table `oauth_refresh_tokens`
--

LOCK TABLES `oauth_refresh_tokens` WRITE;
/*!40000 ALTER TABLE `oauth_refresh_tokens` DISABLE KEYS */;
/*!40000 ALTER TABLE `oauth_refresh_tokens` ENABLE KEYS */;
UNLOCK TABLES;

--
-- Table structure for table `password_reset_tokens`
--

DROP TABLE IF EXISTS `password_reset_tokens`;
/*!40101 SET @saved_cs_client     = @@character_set_client */;
/*!40101 SET character_set_client = utf8 */;
CREATE TABLE `password_reset_tokens` (
  `email` varchar(255) COLLATE utf8mb4_unicode_ci NOT NULL,
  `token` varchar(255) COLLATE utf8mb4_unicode_ci NOT NULL,
  `created_at` timestamp NULL DEFAULT NULL,
  PRIMARY KEY (`email`)
) ENGINE=InnoDB DEFAULT CHARSET=utf8mb4 COLLATE=utf8mb4_unicode_ci;
/*!40101 SET character_set_client = @saved_cs_client */;

--
-- Dumping data for table `password_reset_tokens`
--

LOCK TABLES `password_reset_tokens` WRITE;
/*!40000 ALTER TABLE `password_reset_tokens` DISABLE KEYS */;
/*!40000 ALTER TABLE `password_reset_tokens` ENABLE KEYS */;
UNLOCK TABLES;

--
-- Table structure for table `project_user`
--

DROP TABLE IF EXISTS `project_user`;
/*!40101 SET @saved_cs_client     = @@character_set_client */;
/*!40101 SET character_set_client = utf8 */;
CREATE TABLE `project_user` (
  `id` bigint unsigned NOT NULL AUTO_INCREMENT,
  `project_id` bigint unsigned NOT NULL,
  `user_id` bigint unsigned NOT NULL,
  `created_at` timestamp NULL DEFAULT NULL,
  `updated_at` timestamp NULL DEFAULT NULL,
  PRIMARY KEY (`id`),
  KEY `project_user_project_id_foreign` (`project_id`),
  KEY `project_user_user_id_foreign` (`user_id`),
  CONSTRAINT `project_user_project_id_foreign` FOREIGN KEY (`project_id`) REFERENCES `projects` (`id`) ON DELETE CASCADE,
  CONSTRAINT `project_user_user_id_foreign` FOREIGN KEY (`user_id`) REFERENCES `users` (`id`) ON DELETE CASCADE
) ENGINE=InnoDB AUTO_INCREMENT=135 DEFAULT CHARSET=utf8mb4 COLLATE=utf8mb4_unicode_ci;
/*!40101 SET character_set_client = @saved_cs_client */;

--
-- Dumping data for table `project_user`
--

LOCK TABLES `project_user` WRITE;
/*!40000 ALTER TABLE `project_user` DISABLE KEYS */;
INSERT INTO `project_user` VALUES (1,1,4,NULL,NULL),(2,1,8,NULL,NULL),(3,1,10,NULL,NULL),(4,2,2,NULL,NULL),(5,2,4,NULL,NULL),(6,2,5,NULL,NULL),(7,2,9,NULL,NULL),(8,3,1,NULL,NULL),(9,3,2,NULL,NULL),(10,3,3,NULL,NULL),(11,3,4,NULL,NULL),(12,3,5,NULL,NULL),(13,3,6,NULL,NULL),(14,3,7,NULL,NULL),(15,3,8,NULL,NULL),(16,3,10,NULL,NULL),(17,4,1,NULL,NULL),(18,4,2,NULL,NULL),(19,4,3,NULL,NULL),(20,4,4,NULL,NULL),(21,4,5,NULL,NULL),(22,4,6,NULL,NULL),(23,4,8,NULL,NULL),(24,4,9,NULL,NULL),(25,4,10,NULL,NULL),(26,5,3,NULL,NULL),(27,5,5,NULL,NULL),(28,5,6,NULL,NULL),(29,5,7,NULL,NULL),(30,5,8,NULL,NULL),(31,5,9,NULL,NULL),(32,5,10,NULL,NULL),(33,6,4,NULL,NULL),(34,6,5,NULL,NULL),(35,6,6,NULL,NULL),(36,6,8,NULL,NULL),(37,6,10,NULL,NULL),(38,7,1,NULL,NULL),(39,7,2,NULL,NULL),(40,7,4,NULL,NULL),(41,7,6,NULL,NULL),(42,7,7,NULL,NULL),(43,7,8,NULL,NULL),(44,7,9,NULL,NULL),(45,7,10,NULL,NULL),(46,8,1,NULL,NULL),(47,8,2,NULL,NULL),(48,8,3,NULL,NULL),(49,8,4,NULL,NULL),(50,8,5,NULL,NULL),(51,8,6,NULL,NULL),(52,8,7,NULL,NULL),(53,8,8,NULL,NULL),(54,8,9,NULL,NULL),(55,8,10,NULL,NULL),(56,9,1,NULL,NULL),(57,9,3,NULL,NULL),(58,9,4,NULL,NULL),(59,9,5,NULL,NULL),(60,9,7,NULL,NULL),(61,10,3,NULL,NULL),(62,10,4,NULL,NULL),(63,10,5,NULL,NULL),(64,10,7,NULL,NULL),(65,10,8,NULL,NULL),(66,10,9,NULL,NULL),(67,10,10,NULL,NULL),(68,11,1,NULL,NULL),(69,11,2,NULL,NULL),(70,11,3,NULL,NULL),(71,11,4,NULL,NULL),(72,11,5,NULL,NULL),(73,11,6,NULL,NULL),(74,11,7,NULL,NULL),(75,11,8,NULL,NULL),(76,11,9,NULL,NULL),(77,11,10,NULL,NULL),(78,12,1,NULL,NULL),(79,12,3,NULL,NULL),(80,12,4,NULL,NULL),(81,12,5,NULL,NULL),(82,12,7,NULL,NULL),(83,12,8,NULL,NULL),(84,12,9,NULL,NULL),(85,12,10,NULL,NULL),(86,13,1,NULL,NULL),(87,13,2,NULL,NULL),(88,13,3,NULL,NULL),(89,13,4,NULL,NULL),(90,13,5,NULL,NULL),(91,13,6,NULL,NULL),(92,13,7,NULL,NULL),(93,13,8,NULL,NULL),(94,13,9,NULL,NULL),(95,13,10,NULL,NULL),(96,14,2,NULL,NULL),(97,14,4,NULL,NULL),(98,14,6,NULL,NULL),(99,14,7,NULL,NULL),(100,15,3,NULL,NULL),(101,15,5,NULL,NULL),(102,15,8,NULL,NULL),(103,15,9,NULL,NULL),(104,16,3,NULL,NULL),(105,16,6,NULL,NULL),(106,17,1,NULL,NULL),(107,17,2,NULL,NULL),(108,17,3,NULL,NULL),(109,17,4,NULL,NULL),(110,17,5,NULL,NULL),(111,17,6,NULL,NULL),(112,17,7,NULL,NULL),(113,17,9,NULL,NULL),(114,17,10,NULL,NULL),(115,18,1,NULL,NULL),(116,18,2,NULL,NULL),(117,18,3,NULL,NULL),(118,18,4,NULL,NULL),(119,18,5,NULL,NULL),(120,18,6,NULL,NULL),(121,18,7,NULL,NULL),(122,18,8,NULL,NULL),(123,18,9,NULL,NULL),(124,18,10,NULL,NULL),(125,19,4,NULL,NULL),(126,19,6,NULL,NULL),(127,19,10,NULL,NULL),(128,20,1,NULL,NULL),(129,20,3,NULL,NULL),(130,20,5,NULL,NULL),(131,20,6,NULL,NULL),(132,20,8,NULL,NULL),(133,20,9,NULL,NULL),(134,20,10,NULL,NULL);
/*!40000 ALTER TABLE `project_user` ENABLE KEYS */;
UNLOCK TABLES;

--
-- Table structure for table `projects`
--

DROP TABLE IF EXISTS `projects`;
/*!40101 SET @saved_cs_client     = @@character_set_client */;
/*!40101 SET character_set_client = utf8 */;
CREATE TABLE `projects` (
  `id` bigint unsigned NOT NULL AUTO_INCREMENT,
  `name` varchar(255) COLLATE utf8mb4_unicode_ci NOT NULL DEFAULT '',
  `status` tinyint NOT NULL DEFAULT '1',
  `created_at` timestamp NULL DEFAULT NULL,
  `updated_at` timestamp NULL DEFAULT NULL,
  PRIMARY KEY (`id`)
) ENGINE=InnoDB AUTO_INCREMENT=21 DEFAULT CHARSET=utf8mb4 COLLATE=utf8mb4_unicode_ci;
/*!40101 SET character_set_client = @saved_cs_client */;

--
-- Dumping data for table `projects`
--

LOCK TABLES `projects` WRITE;
/*!40000 ALTER TABLE `projects` DISABLE KEYS */;
INSERT INTO `projects` VALUES (1,'Eichmann, Romaguera and Swaniawski Project',2,'2025-02-10 03:54:17','2025-02-10 03:54:17'),(2,'Sipes, Mosciski and Orn Project',1,'2025-02-10 03:54:17','2025-02-10 03:54:17'),(3,'Reynolds-Haley Project',2,'2025-02-10 03:54:17','2025-02-10 03:54:17'),(4,'West, Dickens and Balistreri Project',3,'2025-02-10 03:54:17','2025-02-10 03:54:17'),(5,'Conroy, Fay and Will Project',3,'2025-02-10 03:54:17','2025-02-10 03:54:17'),(6,'Herman, Feil and Jacobi Project',2,'2025-02-10 03:54:17','2025-02-10 03:54:17'),(7,'Raynor Ltd Project',1,'2025-02-10 03:54:17','2025-02-10 03:54:17'),(8,'Schneider, Green and Padberg Project',2,'2025-02-10 03:54:17','2025-02-10 03:54:17'),(9,'Schiller-Stokes Project',2,'2025-02-10 03:54:17','2025-02-10 03:54:17'),(10,'Boehm, Kirlin and Waters Project',3,'2025-02-10 03:54:17','2025-02-10 03:54:17'),(11,'Rice, Mills and Abernathy Project',1,'2025-02-10 03:54:17','2025-02-10 03:54:17'),(12,'Shanahan, Herman and Harris Project',2,'2025-02-10 03:54:17','2025-02-10 03:54:17'),(13,'Mayer Group Project',3,'2025-02-10 03:54:17','2025-02-10 03:54:17'),(14,'Koch PLC Project',1,'2025-02-10 03:54:17','2025-02-10 03:54:17'),(15,'Fahey-Pfeffer Project',3,'2025-02-10 03:54:17','2025-02-10 03:54:17'),(16,'Adams-Crooks Project',1,'2025-02-10 03:54:17','2025-02-10 03:54:17'),(17,'Waelchi, Champlin and Erdman Project',1,'2025-02-10 03:54:17','2025-02-10 03:54:17'),(18,'Gibson, Luettgen and Swaniawski Project',2,'2025-02-10 03:54:17','2025-02-10 03:54:17'),(19,'Turcotte and Sons Project',2,'2025-02-10 03:54:17','2025-02-10 03:54:17'),(20,'Conroy, Gislason and Murphy Project',3,'2025-02-10 03:54:17','2025-02-10 03:54:17');
/*!40000 ALTER TABLE `projects` ENABLE KEYS */;
UNLOCK TABLES;

--
-- Table structure for table `sessions`
--

DROP TABLE IF EXISTS `sessions`;
/*!40101 SET @saved_cs_client     = @@character_set_client */;
/*!40101 SET character_set_client = utf8 */;
CREATE TABLE `sessions` (
  `id` varchar(255) COLLATE utf8mb4_unicode_ci NOT NULL,
  `user_id` bigint unsigned DEFAULT NULL,
  `ip_address` varchar(45) COLLATE utf8mb4_unicode_ci DEFAULT NULL,
  `user_agent` text COLLATE utf8mb4_unicode_ci,
  `payload` longtext COLLATE utf8mb4_unicode_ci NOT NULL,
  `last_activity` int NOT NULL,
  PRIMARY KEY (`id`),
  KEY `sessions_user_id_index` (`user_id`),
  KEY `sessions_last_activity_index` (`last_activity`)
) ENGINE=InnoDB DEFAULT CHARSET=utf8mb4 COLLATE=utf8mb4_unicode_ci;
/*!40101 SET character_set_client = @saved_cs_client */;

--
-- Dumping data for table `sessions`
--

LOCK TABLES `sessions` WRITE;
/*!40000 ALTER TABLE `sessions` DISABLE KEYS */;
/*!40000 ALTER TABLE `sessions` ENABLE KEYS */;
UNLOCK TABLES;

--
-- Table structure for table `timesheets`
--

DROP TABLE IF EXISTS `timesheets`;
/*!40101 SET @saved_cs_client     = @@character_set_client */;
/*!40101 SET character_set_client = utf8 */;
CREATE TABLE `timesheets` (
  `id` bigint unsigned NOT NULL AUTO_INCREMENT,
  `task_name` varchar(255) COLLATE utf8mb4_unicode_ci NOT NULL DEFAULT '',
  `date` date NOT NULL,
  `hours` decimal(5,2) NOT NULL,
  `user_id` bigint unsigned NOT NULL,
  `project_id` bigint unsigned NOT NULL,
  `created_at` timestamp NULL DEFAULT NULL,
  `updated_at` timestamp NULL DEFAULT NULL,
  PRIMARY KEY (`id`),
  KEY `timesheets_user_id_foreign` (`user_id`),
  KEY `timesheets_project_id_foreign` (`project_id`),
  CONSTRAINT `timesheets_project_id_foreign` FOREIGN KEY (`project_id`) REFERENCES `projects` (`id`) ON DELETE CASCADE,
  CONSTRAINT `timesheets_user_id_foreign` FOREIGN KEY (`user_id`) REFERENCES `users` (`id`) ON DELETE CASCADE
) ENGINE=InnoDB AUTO_INCREMENT=765 DEFAULT CHARSET=utf8mb4 COLLATE=utf8mb4_unicode_ci;
/*!40101 SET character_set_client = @saved_cs_client */;

--
-- Dumping data for table `timesheets`
--

LOCK TABLES `timesheets` WRITE;
/*!40000 ALTER TABLE `timesheets` DISABLE KEYS */;
INSERT INTO `timesheets` VALUES (1,'Quia totam ut cupiditate.','2025-01-31',3.00,1,1,'2025-02-10 03:54:17','2025-02-10 03:54:17'),(2,'Occaecati qui excepturi veritatis.','2025-01-19',3.00,1,1,'2025-02-10 03:54:17','2025-02-10 03:54:17'),(3,'Unde omnis facilis.','2025-02-06',3.00,1,1,'2025-02-10 03:54:17','2025-02-10 03:54:17'),(4,'Possimus qui modi.','2025-01-13',6.00,1,1,'2025-02-10 03:54:17','2025-02-10 03:54:17'),(5,'Et sit voluptatibus nemo.','2025-01-25',7.00,2,1,'2025-02-10 03:54:17','2025-02-10 03:54:17'),(6,'Sit ut.','2025-01-24',3.00,2,1,'2025-02-10 03:54:17','2025-02-10 03:54:17'),(7,'Vero dolorem harum et.','2025-02-08',6.00,2,1,'2025-02-10 03:54:17','2025-02-10 03:54:17'),(8,'Vitae nemo adipisci ab.','2025-01-30',4.00,2,1,'2025-02-10 03:54:17','2025-02-10 03:54:17'),(9,'Optio dignissimos consequatur.','2025-01-16',6.00,2,1,'2025-02-10 03:54:17','2025-02-10 03:54:17'),(10,'Sit enim modi eos.','2025-01-23',7.00,3,1,'2025-02-10 03:54:17','2025-02-10 03:54:17'),(11,'Sint laudantium rem deserunt consequatur.','2025-01-21',3.00,3,1,'2025-02-10 03:54:17','2025-02-10 03:54:17'),(12,'Aut non repellendus nam.','2025-01-11',6.00,3,1,'2025-02-10 03:54:17','2025-02-10 03:54:17'),(13,'Maxime quis natus.','2025-01-18',1.00,3,1,'2025-02-10 03:54:17','2025-02-10 03:54:17'),(14,'Facere consectetur distinctio.','2025-01-29',7.00,4,1,'2025-02-10 03:54:17','2025-02-10 03:54:17'),(15,'Inventore ab fuga.','2025-01-14',2.00,4,1,'2025-02-10 03:54:17','2025-02-10 03:54:17'),(16,'Ad qui placeat vel.','2025-01-11',1.00,4,1,'2025-02-10 03:54:17','2025-02-10 03:54:17'),(17,'Corporis occaecati quas sit.','2025-01-24',5.00,4,1,'2025-02-10 03:54:17','2025-02-10 03:54:17'),(18,'Sed quos.','2025-01-17',1.00,5,1,'2025-02-10 03:54:17','2025-02-10 03:54:17'),(19,'Recusandae sequi laborum aperiam.','2025-01-11',4.00,5,1,'2025-02-10 03:54:17','2025-02-10 03:54:17'),(20,'Voluptatum explicabo ipsa.','2025-01-18',3.00,5,1,'2025-02-10 03:54:17','2025-02-10 03:54:17'),(21,'Dolorem alias.','2025-02-02',3.00,5,1,'2025-02-10 03:54:17','2025-02-10 03:54:17'),(22,'Ipsum et dignissimos.','2025-01-16',3.00,6,1,'2025-02-10 03:54:17','2025-02-10 03:54:17'),(23,'Officia deserunt.','2025-01-23',8.00,6,1,'2025-02-10 03:54:17','2025-02-10 03:54:17'),(24,'Itaque ratione quia magni.','2025-01-31',2.00,6,1,'2025-02-10 03:54:17','2025-02-10 03:54:17'),(25,'Voluptatem placeat quidem labore.','2025-02-05',5.00,7,1,'2025-02-10 03:54:17','2025-02-10 03:54:17'),(26,'Eius enim eveniet non.','2025-01-11',3.00,7,1,'2025-02-10 03:54:17','2025-02-10 03:54:17'),(27,'Dolores qui itaque amet.','2025-01-18',8.00,7,1,'2025-02-10 03:54:17','2025-02-10 03:54:17'),(28,'Occaecati sapiente ut nulla.','2025-01-30',6.00,8,1,'2025-02-10 03:54:17','2025-02-10 03:54:17'),(29,'Enim autem quisquam.','2025-01-23',5.00,8,1,'2025-02-10 03:54:17','2025-02-10 03:54:17'),(30,'Ducimus illum voluptatem.','2025-01-27',1.00,8,1,'2025-02-10 03:54:17','2025-02-10 03:54:17'),(31,'Sit pariatur ratione.','2025-01-18',5.00,9,1,'2025-02-10 03:54:17','2025-02-10 03:54:17'),(32,'Dolores facere vel vel.','2025-01-13',3.00,9,1,'2025-02-10 03:54:17','2025-02-10 03:54:17'),(33,'Ut laboriosam quod.','2025-01-17',1.00,9,1,'2025-02-10 03:54:17','2025-02-10 03:54:17'),(34,'Maiores incidunt sit quidem nulla.','2025-01-29',5.00,10,1,'2025-02-10 03:54:17','2025-02-10 03:54:17'),(35,'Architecto a facere dolore.','2025-01-21',5.00,10,1,'2025-02-10 03:54:17','2025-02-10 03:54:17'),(36,'Esse at nulla nam similique.','2025-01-27',2.00,10,1,'2025-02-10 03:54:17','2025-02-10 03:54:17'),(37,'Debitis harum aut possimus.','2025-02-09',6.00,10,1,'2025-02-10 03:54:17','2025-02-10 03:54:17'),(38,'Enim ut.','2025-02-06',1.00,1,2,'2025-02-10 03:54:17','2025-02-10 03:54:17'),(39,'Itaque iusto et.','2025-01-13',6.00,1,2,'2025-02-10 03:54:17','2025-02-10 03:54:17'),(40,'Labore autem deserunt.','2025-02-01',4.00,1,2,'2025-02-10 03:54:17','2025-02-10 03:54:17'),(41,'Dolorem dicta.','2025-01-21',8.00,1,2,'2025-02-10 03:54:17','2025-02-10 03:54:17'),(42,'Veniam optio aliquam.','2025-01-24',4.00,2,2,'2025-02-10 03:54:17','2025-02-10 03:54:17'),(43,'Et suscipit maxime dicta.','2025-01-14',2.00,2,2,'2025-02-10 03:54:17','2025-02-10 03:54:17'),(44,'Aut facere voluptas.','2025-02-03',3.00,2,2,'2025-02-10 03:54:17','2025-02-10 03:54:17'),(45,'Et nam quis accusantium.','2025-01-27',6.00,2,2,'2025-02-10 03:54:17','2025-02-10 03:54:17'),(46,'Id voluptas et rem.','2025-01-31',8.00,3,2,'2025-02-10 03:54:17','2025-02-10 03:54:17'),(47,'Accusamus ut quis.','2025-01-24',5.00,3,2,'2025-02-10 03:54:17','2025-02-10 03:54:17'),(48,'Quia tempore est qui.','2025-02-06',4.00,3,2,'2025-02-10 03:54:17','2025-02-10 03:54:17'),(49,'Et suscipit ad.','2025-01-29',3.00,3,2,'2025-02-10 03:54:17','2025-02-10 03:54:17'),(50,'Excepturi rerum soluta ratione.','2025-02-09',8.00,4,2,'2025-02-10 03:54:17','2025-02-10 03:54:17'),(51,'Ut laboriosam quia.','2025-01-30',7.00,4,2,'2025-02-10 03:54:17','2025-02-10 03:54:17'),(52,'Odit sequi repudiandae.','2025-01-25',2.00,4,2,'2025-02-10 03:54:17','2025-02-10 03:54:17'),(53,'Voluptatibus in commodi facere.','2025-02-07',2.00,5,2,'2025-02-10 03:54:17','2025-02-10 03:54:17'),(54,'Similique eaque.','2025-01-18',1.00,5,2,'2025-02-10 03:54:17','2025-02-10 03:54:17'),(55,'Cum non aut est.','2025-01-29',4.00,5,2,'2025-02-10 03:54:17','2025-02-10 03:54:17'),(56,'Delectus mollitia dicta.','2025-01-30',5.00,5,2,'2025-02-10 03:54:17','2025-02-10 03:54:17'),(57,'Aspernatur ipsa.','2025-01-19',2.00,6,2,'2025-02-10 03:54:17','2025-02-10 03:54:17'),(58,'Consequuntur possimus quis quia.','2025-01-30',4.00,6,2,'2025-02-10 03:54:17','2025-02-10 03:54:17'),(59,'Impedit voluptatibus reiciendis porro.','2025-01-14',1.00,6,2,'2025-02-10 03:54:17','2025-02-10 03:54:17'),(60,'Enim sunt et non.','2025-01-18',5.00,6,2,'2025-02-10 03:54:17','2025-02-10 03:54:17'),(61,'Omnis et unde est.','2025-01-21',5.00,7,2,'2025-02-10 03:54:17','2025-02-10 03:54:17'),(62,'Quisquam ea sit dolore.','2025-02-04',8.00,7,2,'2025-02-10 03:54:17','2025-02-10 03:54:17'),(63,'Totam ratione velit.','2025-01-16',4.00,7,2,'2025-02-10 03:54:17','2025-02-10 03:54:17'),(64,'Occaecati totam assumenda.','2025-01-24',8.00,8,2,'2025-02-10 03:54:17','2025-02-10 03:54:17'),(65,'Et voluptatem veritatis recusandae quisquam.','2025-01-11',3.00,8,2,'2025-02-10 03:54:17','2025-02-10 03:54:17'),(66,'Occaecati ipsa officia.','2025-02-08',3.00,8,2,'2025-02-10 03:54:17','2025-02-10 03:54:17'),(67,'Velit voluptas tenetur quia.','2025-01-18',8.00,9,2,'2025-02-10 03:54:17','2025-02-10 03:54:17'),(68,'Et praesentium magni.','2025-01-20',5.00,9,2,'2025-02-10 03:54:17','2025-02-10 03:54:17'),(69,'Est et sunt.','2025-01-27',7.00,9,2,'2025-02-10 03:54:17','2025-02-10 03:54:17'),(70,'Molestias sapiente temporibus ut.','2025-01-13',4.00,9,2,'2025-02-10 03:54:17','2025-02-10 03:54:17'),(71,'Ut dolorem ipsum.','2025-02-03',7.00,10,2,'2025-02-10 03:54:17','2025-02-10 03:54:17'),(72,'Omnis vero aut ea.','2025-01-29',7.00,10,2,'2025-02-10 03:54:17','2025-02-10 03:54:17'),(73,'Maiores repudiandae sequi.','2025-02-06',2.00,10,2,'2025-02-10 03:54:17','2025-02-10 03:54:17'),(74,'Sit pariatur recusandae vel pariatur.','2025-02-08',7.00,10,2,'2025-02-10 03:54:17','2025-02-10 03:54:17'),(75,'Nam autem reprehenderit quis magnam.','2025-02-06',5.00,1,3,'2025-02-10 03:54:17','2025-02-10 03:54:17'),(76,'Praesentium qui similique est.','2025-02-04',7.00,1,3,'2025-02-10 03:54:17','2025-02-10 03:54:17'),(77,'Voluptatem sint ratione quam.','2025-02-03',2.00,1,3,'2025-02-10 03:54:17','2025-02-10 03:54:17'),(78,'Inventore quaerat non cupiditate voluptas.','2025-01-19',1.00,1,3,'2025-02-10 03:54:17','2025-02-10 03:54:17'),(79,'Vero sequi nulla quo.','2025-01-18',5.00,2,3,'2025-02-10 03:54:17','2025-02-10 03:54:17'),(80,'In dolores impedit quia.','2025-01-29',1.00,2,3,'2025-02-10 03:54:17','2025-02-10 03:54:17'),(81,'Odit modi nulla asperiores assumenda.','2025-02-06',3.00,2,3,'2025-02-10 03:54:17','2025-02-10 03:54:17'),(82,'Reiciendis deleniti nam.','2025-01-23',5.00,2,3,'2025-02-10 03:54:17','2025-02-10 03:54:17'),(83,'Sed labore sunt.','2025-01-18',7.00,3,3,'2025-02-10 03:54:17','2025-02-10 03:54:17'),(84,'Ut molestias et.','2025-02-07',8.00,3,3,'2025-02-10 03:54:17','2025-02-10 03:54:17'),(85,'Officia doloribus commodi.','2025-01-19',6.00,3,3,'2025-02-10 03:54:17','2025-02-10 03:54:17'),(86,'Deserunt inventore illum non.','2025-01-15',3.00,4,3,'2025-02-10 03:54:17','2025-02-10 03:54:17'),(87,'Deleniti fuga ea aut.','2025-01-24',8.00,4,3,'2025-02-10 03:54:17','2025-02-10 03:54:17'),(88,'Asperiores vero quia excepturi.','2025-02-06',4.00,4,3,'2025-02-10 03:54:17','2025-02-10 03:54:17'),(89,'Repellendus quaerat aut tempora.','2025-01-30',1.00,4,3,'2025-02-10 03:54:17','2025-02-10 03:54:17'),(90,'Consequatur sunt quia at.','2025-02-01',4.00,4,3,'2025-02-10 03:54:17','2025-02-10 03:54:17'),(91,'Omnis perspiciatis est.','2025-02-02',5.00,5,3,'2025-02-10 03:54:17','2025-02-10 03:54:17'),(92,'Eos voluptatibus aut adipisci ducimus.','2025-02-09',7.00,5,3,'2025-02-10 03:54:17','2025-02-10 03:54:17'),(93,'Voluptatem voluptates non laudantium.','2025-02-07',4.00,5,3,'2025-02-10 03:54:17','2025-02-10 03:54:17'),(94,'Maiores animi magnam.','2025-01-19',6.00,5,3,'2025-02-10 03:54:17','2025-02-10 03:54:17'),(95,'Maxime enim exercitationem et.','2025-01-18',1.00,6,3,'2025-02-10 03:54:17','2025-02-10 03:54:17'),(96,'Facilis officiis ut aut.','2025-01-17',1.00,6,3,'2025-02-10 03:54:17','2025-02-10 03:54:17'),(97,'Unde corporis ipsum.','2025-02-05',8.00,6,3,'2025-02-10 03:54:17','2025-02-10 03:54:17'),(98,'Eius porro eum minus.','2025-01-29',7.00,6,3,'2025-02-10 03:54:17','2025-02-10 03:54:17'),(99,'Maiores consequuntur consequatur.','2025-01-19',1.00,7,3,'2025-02-10 03:54:17','2025-02-10 03:54:17'),(100,'Qui ut qui.','2025-02-06',5.00,7,3,'2025-02-10 03:54:17','2025-02-10 03:54:17'),(101,'Temporibus dolorem ea voluptatum.','2025-01-22',8.00,7,3,'2025-02-10 03:54:17','2025-02-10 03:54:17'),(102,'Exercitationem sunt culpa nobis.','2025-01-12',7.00,7,3,'2025-02-10 03:54:17','2025-02-10 03:54:17'),(103,'Deserunt at rerum officiis.','2025-01-31',3.00,7,3,'2025-02-10 03:54:17','2025-02-10 03:54:17'),(104,'Ut nisi cum.','2025-01-11',8.00,8,3,'2025-02-10 03:54:17','2025-02-10 03:54:17'),(105,'Eligendi cumque ut ipsum.','2025-02-04',4.00,8,3,'2025-02-10 03:54:17','2025-02-10 03:54:17'),(106,'Enim ipsam.','2025-01-14',7.00,8,3,'2025-02-10 03:54:17','2025-02-10 03:54:17'),(107,'Sit magnam quisquam ut non.','2025-02-01',1.00,9,3,'2025-02-10 03:54:17','2025-02-10 03:54:17'),(108,'Error hic et nulla.','2025-01-12',4.00,9,3,'2025-02-10 03:54:17','2025-02-10 03:54:17'),(109,'Quod tempora est.','2025-01-29',7.00,9,3,'2025-02-10 03:54:17','2025-02-10 03:54:17'),(110,'Soluta blanditiis quos.','2025-01-20',1.00,9,3,'2025-02-10 03:54:17','2025-02-10 03:54:17'),(111,'Tempore quia est quis.','2025-01-29',8.00,10,3,'2025-02-10 03:54:17','2025-02-10 03:54:17'),(112,'Eveniet mollitia corrupti.','2025-02-05',8.00,10,3,'2025-02-10 03:54:17','2025-02-10 03:54:17'),(113,'Cumque animi enim.','2025-01-18',5.00,10,3,'2025-02-10 03:54:17','2025-02-10 03:54:17'),(114,'Adipisci fugiat facere iste.','2025-01-22',8.00,1,4,'2025-02-10 03:54:17','2025-02-10 03:54:17'),(115,'Dolorem occaecati recusandae soluta ullam.','2025-01-24',5.00,1,4,'2025-02-10 03:54:17','2025-02-10 03:54:17'),(116,'Nam est explicabo.','2025-01-24',6.00,1,4,'2025-02-10 03:54:17','2025-02-10 03:54:17'),(117,'Officia reiciendis a dolorem.','2025-02-05',5.00,2,4,'2025-02-10 03:54:17','2025-02-10 03:54:17'),(118,'Fugiat nihil blanditiis est.','2025-02-05',7.00,2,4,'2025-02-10 03:54:17','2025-02-10 03:54:17'),(119,'Corporis et harum quia.','2025-01-23',4.00,2,4,'2025-02-10 03:54:17','2025-02-10 03:54:17'),(120,'Laboriosam voluptatem aut corporis.','2025-01-11',8.00,3,4,'2025-02-10 03:54:17','2025-02-10 03:54:17'),(121,'Voluptates porro perferendis explicabo.','2025-01-23',2.00,3,4,'2025-02-10 03:54:17','2025-02-10 03:54:17'),(122,'Est veniam modi doloremque.','2025-02-01',2.00,3,4,'2025-02-10 03:54:17','2025-02-10 03:54:17'),(123,'Quos expedita aut nulla fuga.','2025-02-01',8.00,3,4,'2025-02-10 03:54:17','2025-02-10 03:54:17'),(124,'Similique aperiam aut est.','2025-01-18',6.00,4,4,'2025-02-10 03:54:17','2025-02-10 03:54:17'),(125,'Quisquam repellat ullam iusto.','2025-01-16',6.00,4,4,'2025-02-10 03:54:17','2025-02-10 03:54:17'),(126,'Harum autem ut.','2025-01-16',3.00,4,4,'2025-02-10 03:54:17','2025-02-10 03:54:17'),(127,'Non quaerat cupiditate.','2025-01-20',5.00,5,4,'2025-02-10 03:54:17','2025-02-10 03:54:17'),(128,'Nulla tempore.','2025-02-06',8.00,5,4,'2025-02-10 03:54:17','2025-02-10 03:54:17'),(129,'Odit nisi nesciunt asperiores.','2025-01-23',4.00,5,4,'2025-02-10 03:54:17','2025-02-10 03:54:17'),(130,'Voluptatibus reprehenderit a.','2025-02-08',3.00,5,4,'2025-02-10 03:54:17','2025-02-10 03:54:17'),(131,'Aut enim fugiat.','2025-01-23',7.00,5,4,'2025-02-10 03:54:17','2025-02-10 03:54:17'),(132,'Hic sunt optio.','2025-02-08',1.00,6,4,'2025-02-10 03:54:17','2025-02-10 03:54:17'),(133,'Dolores omnis tenetur.','2025-02-07',2.00,6,4,'2025-02-10 03:54:17','2025-02-10 03:54:17'),(134,'Aut fugit minima eum.','2025-02-07',4.00,6,4,'2025-02-10 03:54:17','2025-02-10 03:54:17'),(135,'Inventore ratione qui.','2025-02-09',3.00,6,4,'2025-02-10 03:54:17','2025-02-10 03:54:17'),(136,'Voluptatem occaecati itaque iure.','2025-01-23',6.00,7,4,'2025-02-10 03:54:17','2025-02-10 03:54:17'),(137,'Sint perspiciatis voluptatibus.','2025-02-03',7.00,7,4,'2025-02-10 03:54:17','2025-02-10 03:54:17'),(138,'Aperiam ut et.','2025-01-13',1.00,7,4,'2025-02-10 03:54:17','2025-02-10 03:54:17'),(139,'Sint sapiente perferendis.','2025-01-19',5.00,8,4,'2025-02-10 03:54:17','2025-02-10 03:54:17'),(140,'Delectus non aspernatur eaque.','2025-01-21',6.00,8,4,'2025-02-10 03:54:17','2025-02-10 03:54:17'),(141,'Dicta qui sit.','2025-02-04',3.00,8,4,'2025-02-10 03:54:17','2025-02-10 03:54:17'),(142,'Aut incidunt.','2025-01-11',7.00,8,4,'2025-02-10 03:54:17','2025-02-10 03:54:17'),(143,'Magnam sed error.','2025-01-21',8.00,9,4,'2025-02-10 03:54:17','2025-02-10 03:54:17'),(144,'Sunt a nemo molestiae.','2025-01-23',7.00,9,4,'2025-02-10 03:54:17','2025-02-10 03:54:17'),(145,'Cupiditate quam vitae.','2025-02-09',3.00,9,4,'2025-02-10 03:54:17','2025-02-10 03:54:17'),(146,'Excepturi rerum qui possimus.','2025-01-16',7.00,10,4,'2025-02-10 03:54:17','2025-02-10 03:54:17'),(147,'Et ut sit.','2025-01-12',8.00,10,4,'2025-02-10 03:54:17','2025-02-10 03:54:17'),(148,'Velit velit iusto ipsum.','2025-01-23',1.00,10,4,'2025-02-10 03:54:17','2025-02-10 03:54:17'),(149,'Quasi facere harum.','2025-02-09',3.00,10,4,'2025-02-10 03:54:17','2025-02-10 03:54:17'),(150,'Quaerat sint itaque est dolores.','2025-01-26',8.00,1,5,'2025-02-10 03:54:17','2025-02-10 03:54:17'),(151,'Quasi ipsam laudantium corporis eaque.','2025-02-07',8.00,1,5,'2025-02-10 03:54:17','2025-02-10 03:54:17'),(152,'Nihil quia sed ducimus.','2025-01-14',2.00,1,5,'2025-02-10 03:54:17','2025-02-10 03:54:17'),(153,'Cum rerum ratione libero.','2025-01-22',3.00,2,5,'2025-02-10 03:54:17','2025-02-10 03:54:17'),(154,'Sit et fugiat.','2025-01-20',6.00,2,5,'2025-02-10 03:54:17','2025-02-10 03:54:17'),(155,'Officia voluptates minus exercitationem quidem.','2025-01-17',4.00,2,5,'2025-02-10 03:54:17','2025-02-10 03:54:17'),(156,'Ab blanditiis.','2025-02-02',1.00,2,5,'2025-02-10 03:54:17','2025-02-10 03:54:17'),(157,'Assumenda architecto.','2025-01-28',8.00,3,5,'2025-02-10 03:54:17','2025-02-10 03:54:17'),(158,'Eligendi cum quia architecto.','2025-01-24',1.00,3,5,'2025-02-10 03:54:17','2025-02-10 03:54:17'),(159,'Tempore velit.','2025-02-07',2.00,3,5,'2025-02-10 03:54:17','2025-02-10 03:54:17'),(160,'Nam debitis quaerat distinctio.','2025-01-24',6.00,4,5,'2025-02-10 03:54:17','2025-02-10 03:54:17'),(161,'Et in itaque.','2025-01-21',3.00,4,5,'2025-02-10 03:54:17','2025-02-10 03:54:17'),(162,'Quia voluptatem sed.','2025-02-07',3.00,4,5,'2025-02-10 03:54:17','2025-02-10 03:54:17'),(163,'Consequatur suscipit sunt.','2025-01-11',7.00,4,5,'2025-02-10 03:54:17','2025-02-10 03:54:17'),(164,'Officiis ut ut et.','2025-01-14',4.00,5,5,'2025-02-10 03:54:17','2025-02-10 03:54:17'),(165,'Soluta molestias occaecati possimus.','2025-01-12',4.00,5,5,'2025-02-10 03:54:17','2025-02-10 03:54:17'),(166,'Dolorum aut sapiente.','2025-02-06',8.00,5,5,'2025-02-10 03:54:17','2025-02-10 03:54:17'),(167,'Officia fugit eaque.','2025-01-28',6.00,6,5,'2025-02-10 03:54:17','2025-02-10 03:54:17'),(168,'Ut inventore.','2025-02-08',2.00,6,5,'2025-02-10 03:54:17','2025-02-10 03:54:17'),(169,'Modi quos et laudantium.','2025-01-19',6.00,6,5,'2025-02-10 03:54:17','2025-02-10 03:54:17'),(170,'Cupiditate culpa deserunt.','2025-01-18',7.00,6,5,'2025-02-10 03:54:17','2025-02-10 03:54:17'),(171,'Impedit facere recusandae.','2025-01-13',1.00,7,5,'2025-02-10 03:54:17','2025-02-10 03:54:17'),(172,'Consectetur modi et.','2025-01-18',4.00,7,5,'2025-02-10 03:54:17','2025-02-10 03:54:17'),(173,'Quia sit ducimus.','2025-01-25',7.00,7,5,'2025-02-10 03:54:17','2025-02-10 03:54:17'),(174,'Esse aut et voluptas reiciendis.','2025-01-16',2.00,7,5,'2025-02-10 03:54:17','2025-02-10 03:54:17'),(175,'Atque accusamus consequatur optio.','2025-01-30',6.00,7,5,'2025-02-10 03:54:17','2025-02-10 03:54:17'),(176,'Corrupti minima placeat.','2025-02-09',7.00,8,5,'2025-02-10 03:54:17','2025-02-10 03:54:17'),(177,'Eos molestiae perspiciatis.','2025-02-07',2.00,8,5,'2025-02-10 03:54:17','2025-02-10 03:54:17'),(178,'Quidem omnis praesentium dolor.','2025-01-18',8.00,8,5,'2025-02-10 03:54:17','2025-02-10 03:54:17'),(179,'Quia officiis blanditiis doloribus.','2025-02-02',7.00,9,5,'2025-02-10 03:54:17','2025-02-10 03:54:17'),(180,'Qui nam deserunt.','2025-01-30',1.00,9,5,'2025-02-10 03:54:17','2025-02-10 03:54:17'),(181,'Omnis asperiores voluptate.','2025-02-08',1.00,9,5,'2025-02-10 03:54:17','2025-02-10 03:54:17'),(182,'Sunt consequatur unde.','2025-01-25',7.00,9,5,'2025-02-10 03:54:17','2025-02-10 03:54:17'),(183,'Adipisci consequatur soluta est.','2025-02-01',7.00,10,5,'2025-02-10 03:54:17','2025-02-10 03:54:17'),(184,'Ad magni soluta corporis.','2025-01-18',1.00,10,5,'2025-02-10 03:54:17','2025-02-10 03:54:17'),(185,'Amet velit quaerat fugiat.','2025-01-27',7.00,10,5,'2025-02-10 03:54:17','2025-02-10 03:54:17'),(186,'Aut quia eum.','2025-02-09',1.00,10,5,'2025-02-10 03:54:17','2025-02-10 03:54:17'),(187,'Sit repellendus tenetur.','2025-01-24',6.00,1,6,'2025-02-10 03:54:17','2025-02-10 03:54:17'),(188,'Placeat atque tempora.','2025-01-21',2.00,1,6,'2025-02-10 03:54:17','2025-02-10 03:54:17'),(189,'Dignissimos optio.','2025-01-27',7.00,1,6,'2025-02-10 03:54:17','2025-02-10 03:54:17'),(190,'Labore dolorum eum.','2025-01-28',7.00,1,6,'2025-02-10 03:54:17','2025-02-10 03:54:17'),(191,'Totam porro adipisci veritatis.','2025-01-13',3.00,2,6,'2025-02-10 03:54:17','2025-02-10 03:54:17'),(192,'Dolorem delectus.','2025-01-18',2.00,2,6,'2025-02-10 03:54:17','2025-02-10 03:54:17'),(193,'Enim dolores dolores necessitatibus.','2025-01-13',8.00,2,6,'2025-02-10 03:54:17','2025-02-10 03:54:17'),(194,'Atque quia et commodi non.','2025-01-23',6.00,2,6,'2025-02-10 03:54:17','2025-02-10 03:54:17'),(195,'Itaque magni aliquid reprehenderit recusandae.','2025-01-29',7.00,3,6,'2025-02-10 03:54:17','2025-02-10 03:54:17'),(196,'Voluptas et quod.','2025-02-04',2.00,3,6,'2025-02-10 03:54:17','2025-02-10 03:54:17'),(197,'Eaque corporis velit.','2025-01-23',3.00,3,6,'2025-02-10 03:54:17','2025-02-10 03:54:17'),(198,'Est earum distinctio.','2025-01-29',2.00,4,6,'2025-02-10 03:54:17','2025-02-10 03:54:17'),(199,'Praesentium ut recusandae.','2025-01-12',4.00,4,6,'2025-02-10 03:54:17','2025-02-10 03:54:17'),(200,'Est et alias dolorum.','2025-02-06',6.00,4,6,'2025-02-10 03:54:17','2025-02-10 03:54:17'),(201,'Commodi cum.','2025-01-13',2.00,5,6,'2025-02-10 03:54:17','2025-02-10 03:54:17'),(202,'Velit culpa optio aut.','2025-01-20',4.00,5,6,'2025-02-10 03:54:17','2025-02-10 03:54:17'),(203,'Repellendus in est.','2025-01-12',3.00,5,6,'2025-02-10 03:54:17','2025-02-10 03:54:17'),(204,'Accusantium sed tenetur ducimus.','2025-02-05',5.00,6,6,'2025-02-10 03:54:17','2025-02-10 03:54:17'),(205,'Vel porro et fuga.','2025-01-13',7.00,6,6,'2025-02-10 03:54:17','2025-02-10 03:54:17'),(206,'Odit omnis animi.','2025-01-14',6.00,6,6,'2025-02-10 03:54:17','2025-02-10 03:54:17'),(207,'Commodi aspernatur et.','2025-01-21',8.00,6,6,'2025-02-10 03:54:17','2025-02-10 03:54:17'),(208,'Aut exercitationem quidem sunt.','2025-01-12',6.00,6,6,'2025-02-10 03:54:17','2025-02-10 03:54:17'),(209,'Sequi cupiditate voluptatum.','2025-01-21',6.00,7,6,'2025-02-10 03:54:17','2025-02-10 03:54:17'),(210,'Vitae aliquid quae iusto.','2025-02-06',1.00,7,6,'2025-02-10 03:54:17','2025-02-10 03:54:17'),(211,'Occaecati assumenda rerum aut.','2025-02-05',1.00,7,6,'2025-02-10 03:54:17','2025-02-10 03:54:17'),(212,'Nesciunt aut sunt nam.','2025-01-30',3.00,7,6,'2025-02-10 03:54:17','2025-02-10 03:54:17'),(213,'Rerum doloremque ad.','2025-01-23',8.00,8,6,'2025-02-10 03:54:17','2025-02-10 03:54:17'),(214,'Et modi neque.','2025-01-26',7.00,8,6,'2025-02-10 03:54:17','2025-02-10 03:54:17'),(215,'Nihil aut rerum accusamus.','2025-01-22',8.00,8,6,'2025-02-10 03:54:17','2025-02-10 03:54:17'),(216,'Assumenda voluptatibus iure.','2025-01-15',2.00,8,6,'2025-02-10 03:54:17','2025-02-10 03:54:17'),(217,'Assumenda ullam commodi voluptas.','2025-01-28',3.00,9,6,'2025-02-10 03:54:17','2025-02-10 03:54:17'),(218,'Ut inventore.','2025-01-19',4.00,9,6,'2025-02-10 03:54:17','2025-02-10 03:54:17'),(219,'A delectus hic perferendis perferendis.','2025-01-28',6.00,9,6,'2025-02-10 03:54:17','2025-02-10 03:54:17'),(220,'Sed dolorum sit.','2025-01-22',8.00,9,6,'2025-02-10 03:54:17','2025-02-10 03:54:17'),(221,'Veniam fugiat voluptatem.','2025-02-07',1.00,10,6,'2025-02-10 03:54:17','2025-02-10 03:54:17'),(222,'Vel vel consequatur natus.','2025-01-24',8.00,10,6,'2025-02-10 03:54:17','2025-02-10 03:54:17'),(223,'Natus et modi eius.','2025-01-12',7.00,10,6,'2025-02-10 03:54:17','2025-02-10 03:54:17'),(224,'Modi dignissimos.','2025-02-09',2.00,10,6,'2025-02-10 03:54:17','2025-02-10 03:54:17'),(225,'Quidem et facilis est repellendus.','2025-01-11',4.00,1,7,'2025-02-10 03:54:17','2025-02-10 03:54:17'),(226,'Amet cumque officiis.','2025-01-30',6.00,1,7,'2025-02-10 03:54:17','2025-02-10 03:54:17'),(227,'Voluptates sit voluptates corporis id.','2025-01-22',7.00,1,7,'2025-02-10 03:54:17','2025-02-10 03:54:17'),(228,'Nemo et fugiat.','2025-01-26',3.00,1,7,'2025-02-10 03:54:17','2025-02-10 03:54:17'),(229,'Exercitationem commodi animi iusto.','2025-02-05',3.00,1,7,'2025-02-10 03:54:17','2025-02-10 03:54:17'),(230,'Dolore quis labore.','2025-02-04',4.00,2,7,'2025-02-10 03:54:17','2025-02-10 03:54:17'),(231,'Beatae rem impedit.','2025-01-26',8.00,2,7,'2025-02-10 03:54:17','2025-02-10 03:54:17'),(232,'Et et quisquam ut.','2025-01-31',4.00,2,7,'2025-02-10 03:54:17','2025-02-10 03:54:17'),(233,'Et sequi perferendis nihil.','2025-01-31',8.00,2,7,'2025-02-10 03:54:17','2025-02-10 03:54:17'),(234,'Nobis impedit cumque.','2025-02-09',4.00,2,7,'2025-02-10 03:54:17','2025-02-10 03:54:17'),(235,'Officia est cum.','2025-01-22',6.00,3,7,'2025-02-10 03:54:17','2025-02-10 03:54:17'),(236,'Sit cum et.','2025-02-07',2.00,3,7,'2025-02-10 03:54:17','2025-02-10 03:54:17'),(237,'Ducimus totam odit accusantium.','2025-01-17',2.00,3,7,'2025-02-10 03:54:17','2025-02-10 03:54:17'),(238,'Ea itaque id.','2025-01-31',8.00,4,7,'2025-02-10 03:54:17','2025-02-10 03:54:17'),(239,'Perspiciatis voluptatem dolorem iusto eos.','2025-01-27',4.00,4,7,'2025-02-10 03:54:17','2025-02-10 03:54:17'),(240,'Suscipit est voluptatem itaque.','2025-02-06',3.00,4,7,'2025-02-10 03:54:17','2025-02-10 03:54:17'),(241,'Quis veniam voluptatibus sequi perferendis.','2025-01-19',3.00,5,7,'2025-02-10 03:54:17','2025-02-10 03:54:17'),(242,'Sapiente impedit ut.','2025-01-11',5.00,5,7,'2025-02-10 03:54:17','2025-02-10 03:54:17'),(243,'Est temporibus eum.','2025-01-25',5.00,5,7,'2025-02-10 03:54:17','2025-02-10 03:54:17'),(244,'Sed harum similique exercitationem.','2025-02-06',1.00,6,7,'2025-02-10 03:54:17','2025-02-10 03:54:17'),(245,'Totam officiis est.','2025-01-14',7.00,6,7,'2025-02-10 03:54:17','2025-02-10 03:54:17'),(246,'Atque voluptatem at.','2025-01-18',7.00,6,7,'2025-02-10 03:54:17','2025-02-10 03:54:17'),(247,'Odio repudiandae omnis.','2025-01-28',8.00,7,7,'2025-02-10 03:54:17','2025-02-10 03:54:17'),(248,'Ut quis quas dolorem.','2025-01-30',1.00,7,7,'2025-02-10 03:54:17','2025-02-10 03:54:17'),(249,'Fuga laborum natus.','2025-01-12',7.00,7,7,'2025-02-10 03:54:17','2025-02-10 03:54:17'),(250,'Illo modi quia.','2025-01-22',6.00,8,7,'2025-02-10 03:54:17','2025-02-10 03:54:17'),(251,'Tenetur omnis numquam.','2025-01-14',8.00,8,7,'2025-02-10 03:54:17','2025-02-10 03:54:17'),(252,'Repellendus sint voluptatem.','2025-01-26',8.00,8,7,'2025-02-10 03:54:17','2025-02-10 03:54:17'),(253,'Veritatis dolores est maxime.','2025-01-16',8.00,9,7,'2025-02-10 03:54:17','2025-02-10 03:54:17'),(254,'Debitis veritatis sit consequatur.','2025-01-29',7.00,9,7,'2025-02-10 03:54:17','2025-02-10 03:54:17'),(255,'Enim iusto.','2025-01-17',8.00,9,7,'2025-02-10 03:54:17','2025-02-10 03:54:17'),(256,'Debitis amet at.','2025-01-26',7.00,9,7,'2025-02-10 03:54:17','2025-02-10 03:54:17'),(257,'Minus quo magnam ut.','2025-01-15',4.00,10,7,'2025-02-10 03:54:17','2025-02-10 03:54:17'),(258,'Et nobis quasi nam.','2025-02-06',8.00,10,7,'2025-02-10 03:54:17','2025-02-10 03:54:17'),(259,'Et sit deleniti consequatur.','2025-01-27',4.00,10,7,'2025-02-10 03:54:17','2025-02-10 03:54:17'),(260,'Illo quis explicabo.','2025-01-21',2.00,10,7,'2025-02-10 03:54:17','2025-02-10 03:54:17'),(261,'Non rerum dolor.','2025-01-25',4.00,1,8,'2025-02-10 03:54:17','2025-02-10 03:54:17'),(262,'Eveniet ducimus possimus.','2025-01-31',7.00,1,8,'2025-02-10 03:54:17','2025-02-10 03:54:17'),(263,'Magnam blanditiis beatae dolorum.','2025-01-21',6.00,1,8,'2025-02-10 03:54:17','2025-02-10 03:54:17'),(264,'Reiciendis doloribus in aut.','2025-01-31',3.00,1,8,'2025-02-10 03:54:17','2025-02-10 03:54:17'),(265,'Sit a temporibus.','2025-01-26',7.00,1,8,'2025-02-10 03:54:17','2025-02-10 03:54:17'),(266,'Qui occaecati unde dicta.','2025-02-06',7.00,2,8,'2025-02-10 03:54:17','2025-02-10 03:54:17'),(267,'Ea autem dolorem aut.','2025-02-01',2.00,2,8,'2025-02-10 03:54:17','2025-02-10 03:54:17'),(268,'Sed et laudantium voluptatem.','2025-01-27',5.00,2,8,'2025-02-10 03:54:17','2025-02-10 03:54:17'),(269,'At rerum maiores.','2025-01-19',8.00,2,8,'2025-02-10 03:54:17','2025-02-10 03:54:17'),(270,'Minima sit tempore.','2025-01-11',7.00,3,8,'2025-02-10 03:54:17','2025-02-10 03:54:17'),(271,'Nemo debitis fugit.','2025-02-02',7.00,3,8,'2025-02-10 03:54:17','2025-02-10 03:54:17'),(272,'Dignissimos beatae consequatur.','2025-02-01',4.00,3,8,'2025-02-10 03:54:17','2025-02-10 03:54:17'),(273,'Voluptatibus est ut labore.','2025-01-21',8.00,3,8,'2025-02-10 03:54:17','2025-02-10 03:54:17'),(274,'Quia tempore hic.','2025-02-03',8.00,4,8,'2025-02-10 03:54:17','2025-02-10 03:54:17'),(275,'Maiores voluptatem totam.','2025-01-30',4.00,4,8,'2025-02-10 03:54:17','2025-02-10 03:54:17'),(276,'Adipisci hic vel non sequi.','2025-01-21',2.00,4,8,'2025-02-10 03:54:17','2025-02-10 03:54:17'),(277,'Error animi in.','2025-01-29',3.00,4,8,'2025-02-10 03:54:17','2025-02-10 03:54:17'),(278,'Alias ducimus dolorem.','2025-01-25',3.00,4,8,'2025-02-10 03:54:17','2025-02-10 03:54:17'),(279,'Voluptate id debitis quia.','2025-02-03',6.00,5,8,'2025-02-10 03:54:17','2025-02-10 03:54:17'),(280,'Sit deleniti enim sint.','2025-02-07',8.00,5,8,'2025-02-10 03:54:17','2025-02-10 03:54:17'),(281,'Nam unde quod.','2025-01-22',3.00,5,8,'2025-02-10 03:54:17','2025-02-10 03:54:17'),(282,'Cupiditate deserunt ipsum sit distinctio.','2025-01-29',5.00,5,8,'2025-02-10 03:54:17','2025-02-10 03:54:17'),(283,'Natus ducimus ducimus.','2025-01-22',7.00,6,8,'2025-02-10 03:54:17','2025-02-10 03:54:17'),(284,'Reiciendis itaque assumenda consequatur.','2025-01-17',4.00,6,8,'2025-02-10 03:54:17','2025-02-10 03:54:17'),(285,'Explicabo omnis error.','2025-02-06',2.00,6,8,'2025-02-10 03:54:17','2025-02-10 03:54:17'),(286,'Dolorem consequatur modi.','2025-01-14',2.00,7,8,'2025-02-10 03:54:17','2025-02-10 03:54:17'),(287,'Corrupti sit consequatur commodi.','2025-01-27',6.00,7,8,'2025-02-10 03:54:17','2025-02-10 03:54:17'),(288,'Porro qui aperiam.','2025-01-27',8.00,7,8,'2025-02-10 03:54:17','2025-02-10 03:54:17'),(289,'In ab dolor.','2025-01-14',6.00,8,8,'2025-02-10 03:54:17','2025-02-10 03:54:17'),(290,'Quia quo fugiat.','2025-01-18',3.00,8,8,'2025-02-10 03:54:17','2025-02-10 03:54:17'),(291,'Rerum est facere et est.','2025-01-21',6.00,8,8,'2025-02-10 03:54:17','2025-02-10 03:54:17'),(292,'Dolor quae laudantium.','2025-01-18',8.00,8,8,'2025-02-10 03:54:17','2025-02-10 03:54:17'),(293,'Et sed molestiae optio.','2025-01-21',7.00,9,8,'2025-02-10 03:54:17','2025-02-10 03:54:17'),(294,'Culpa tenetur laboriosam.','2025-01-28',8.00,9,8,'2025-02-10 03:54:17','2025-02-10 03:54:17'),(295,'Quia illo quas aut et.','2025-01-25',8.00,9,8,'2025-02-10 03:54:17','2025-02-10 03:54:17'),(296,'Ea consequatur.','2025-02-06',2.00,9,8,'2025-02-10 03:54:17','2025-02-10 03:54:17'),(297,'Tempora debitis non.','2025-01-19',4.00,10,8,'2025-02-10 03:54:17','2025-02-10 03:54:17'),(298,'Impedit eum error adipisci.','2025-01-17',6.00,10,8,'2025-02-10 03:54:17','2025-02-10 03:54:17'),(299,'Occaecati mollitia.','2025-01-30',4.00,10,8,'2025-02-10 03:54:17','2025-02-10 03:54:17'),(300,'Optio voluptas eum.','2025-02-05',3.00,10,8,'2025-02-10 03:54:17','2025-02-10 03:54:17'),(301,'Iste nihil.','2025-01-26',3.00,1,9,'2025-02-10 03:54:17','2025-02-10 03:54:17'),(302,'Quia accusamus corporis.','2025-01-29',2.00,1,9,'2025-02-10 03:54:17','2025-02-10 03:54:17'),(303,'Exercitationem asperiores.','2025-01-22',4.00,1,9,'2025-02-10 03:54:17','2025-02-10 03:54:17'),(304,'Enim odit delectus.','2025-01-21',1.00,1,9,'2025-02-10 03:54:17','2025-02-10 03:54:17'),(305,'Sequi voluptatibus quam aliquam.','2025-01-11',7.00,2,9,'2025-02-10 03:54:17','2025-02-10 03:54:17'),(306,'Praesentium corrupti et.','2025-02-06',8.00,2,9,'2025-02-10 03:54:17','2025-02-10 03:54:17'),(307,'Debitis enim eos est.','2025-01-23',5.00,2,9,'2025-02-10 03:54:17','2025-02-10 03:54:17'),(308,'Optio molestias ea ipsam.','2025-01-27',3.00,2,9,'2025-02-10 03:54:17','2025-02-10 03:54:17'),(309,'Quidem ea.','2025-02-09',5.00,2,9,'2025-02-10 03:54:17','2025-02-10 03:54:17'),(310,'Pariatur eligendi eaque rem.','2025-01-23',7.00,3,9,'2025-02-10 03:54:17','2025-02-10 03:54:17'),(311,'Est provident.','2025-01-27',8.00,3,9,'2025-02-10 03:54:17','2025-02-10 03:54:17'),(312,'Sequi consequuntur voluptatem.','2025-01-21',7.00,3,9,'2025-02-10 03:54:17','2025-02-10 03:54:17'),(313,'Et fugiat quis tenetur.','2025-01-12',6.00,3,9,'2025-02-10 03:54:17','2025-02-10 03:54:17'),(314,'Tenetur laborum modi et sit.','2025-01-19',3.00,3,9,'2025-02-10 03:54:17','2025-02-10 03:54:17'),(315,'Voluptatem explicabo aut.','2025-01-12',6.00,4,9,'2025-02-10 03:54:17','2025-02-10 03:54:17'),(316,'Molestiae illum necessitatibus sequi.','2025-01-28',4.00,4,9,'2025-02-10 03:54:17','2025-02-10 03:54:17'),(317,'Velit autem.','2025-02-07',8.00,4,9,'2025-02-10 03:54:17','2025-02-10 03:54:17'),(318,'Nemo nemo cum.','2025-01-14',4.00,5,9,'2025-02-10 03:54:17','2025-02-10 03:54:17'),(319,'Vel ea consectetur.','2025-01-30',5.00,5,9,'2025-02-10 03:54:17','2025-02-10 03:54:17'),(320,'Facilis pariatur quasi hic.','2025-01-21',7.00,5,9,'2025-02-10 03:54:17','2025-02-10 03:54:17'),(321,'Dolore ullam unde qui.','2025-02-04',4.00,5,9,'2025-02-10 03:54:17','2025-02-10 03:54:17'),(322,'Magni possimus exercitationem.','2025-02-05',6.00,6,9,'2025-02-10 03:54:17','2025-02-10 03:54:17'),(323,'Inventore eligendi veniam rerum maxime.','2025-01-31',2.00,6,9,'2025-02-10 03:54:17','2025-02-10 03:54:17'),(324,'Quia est fugit amet.','2025-01-29',1.00,6,9,'2025-02-10 03:54:17','2025-02-10 03:54:17'),(325,'Autem fugiat rerum.','2025-02-02',2.00,6,9,'2025-02-10 03:54:17','2025-02-10 03:54:17'),(326,'Laborum aut delectus.','2025-01-31',2.00,6,9,'2025-02-10 03:54:17','2025-02-10 03:54:17'),(327,'A mollitia sint corporis.','2025-01-11',6.00,7,9,'2025-02-10 03:54:17','2025-02-10 03:54:17'),(328,'Non nisi atque a.','2025-01-27',2.00,7,9,'2025-02-10 03:54:17','2025-02-10 03:54:17'),(329,'Dignissimos omnis aut.','2025-01-14',1.00,7,9,'2025-02-10 03:54:17','2025-02-10 03:54:17'),(330,'Architecto quod laborum.','2025-02-05',5.00,7,9,'2025-02-10 03:54:17','2025-02-10 03:54:17'),(331,'Minima eveniet.','2025-01-30',2.00,8,9,'2025-02-10 03:54:17','2025-02-10 03:54:17'),(332,'Ut qui facilis.','2025-02-01',4.00,8,9,'2025-02-10 03:54:17','2025-02-10 03:54:17'),(333,'Eos voluptatem soluta.','2025-01-25',7.00,8,9,'2025-02-10 03:54:17','2025-02-10 03:54:17'),(334,'Perspiciatis distinctio officia eum.','2025-01-19',8.00,8,9,'2025-02-10 03:54:17','2025-02-10 03:54:17'),(335,'Est labore eius.','2025-01-22',8.00,9,9,'2025-02-10 03:54:17','2025-02-10 03:54:17'),(336,'Veniam qui sit.','2025-01-22',6.00,9,9,'2025-02-10 03:54:17','2025-02-10 03:54:17'),(337,'Rerum nostrum inventore nam odit.','2025-01-19',6.00,9,9,'2025-02-10 03:54:17','2025-02-10 03:54:17'),(338,'Est labore alias.','2025-02-07',4.00,9,9,'2025-02-10 03:54:17','2025-02-10 03:54:17'),(339,'Tempora in.','2025-02-07',7.00,10,9,'2025-02-10 03:54:17','2025-02-10 03:54:17'),(340,'Porro perspiciatis deleniti.','2025-01-11',5.00,10,9,'2025-02-10 03:54:17','2025-02-10 03:54:17'),(341,'Qui dolores explicabo.','2025-01-26',5.00,10,9,'2025-02-10 03:54:17','2025-02-10 03:54:17'),(342,'Ut labore a.','2025-01-26',3.00,10,9,'2025-02-10 03:54:17','2025-02-10 03:54:17'),(343,'Dolorum perspiciatis porro quas voluptate.','2025-01-24',3.00,1,10,'2025-02-10 03:54:17','2025-02-10 03:54:17'),(344,'Et autem qui.','2025-02-01',4.00,1,10,'2025-02-10 03:54:17','2025-02-10 03:54:17'),(345,'Ullam ducimus.','2025-02-05',1.00,1,10,'2025-02-10 03:54:17','2025-02-10 03:54:17'),(346,'Incidunt saepe voluptate.','2025-01-14',6.00,2,10,'2025-02-10 03:54:17','2025-02-10 03:54:17'),(347,'Modi placeat nihil et.','2025-01-17',2.00,2,10,'2025-02-10 03:54:17','2025-02-10 03:54:17'),(348,'Delectus numquam modi minus corporis.','2025-02-02',6.00,2,10,'2025-02-10 03:54:17','2025-02-10 03:54:17'),(349,'Magni libero dignissimos nam fugiat.','2025-02-01',4.00,3,10,'2025-02-10 03:54:17','2025-02-10 03:54:17'),(350,'Nostrum accusantium accusantium.','2025-01-16',5.00,3,10,'2025-02-10 03:54:17','2025-02-10 03:54:17'),(351,'Maiores eveniet architecto natus.','2025-01-18',5.00,3,10,'2025-02-10 03:54:17','2025-02-10 03:54:17'),(352,'Tenetur quo eligendi.','2025-01-19',3.00,4,10,'2025-02-10 03:54:17','2025-02-10 03:54:17'),(353,'Qui qui atque nihil.','2025-01-13',8.00,4,10,'2025-02-10 03:54:17','2025-02-10 03:54:17'),(354,'Laboriosam voluptatem amet quia.','2025-01-13',2.00,4,10,'2025-02-10 03:54:17','2025-02-10 03:54:17'),(355,'Assumenda mollitia veniam assumenda.','2025-01-16',8.00,5,10,'2025-02-10 03:54:17','2025-02-10 03:54:17'),(356,'Dolorem dignissimos voluptatem.','2025-01-29',4.00,5,10,'2025-02-10 03:54:17','2025-02-10 03:54:17'),(357,'Adipisci non ratione.','2025-01-31',3.00,5,10,'2025-02-10 03:54:17','2025-02-10 03:54:17'),(358,'Animi animi soluta officiis.','2025-01-20',4.00,6,10,'2025-02-10 03:54:17','2025-02-10 03:54:17'),(359,'Temporibus deserunt reiciendis itaque.','2025-01-20',1.00,6,10,'2025-02-10 03:54:17','2025-02-10 03:54:17'),(360,'Inventore unde et.','2025-01-20',4.00,6,10,'2025-02-10 03:54:17','2025-02-10 03:54:17'),(361,'Qui sint molestiae cupiditate.','2025-01-17',4.00,6,10,'2025-02-10 03:54:17','2025-02-10 03:54:17'),(362,'Rem non ut expedita id.','2025-02-08',4.00,6,10,'2025-02-10 03:54:17','2025-02-10 03:54:17'),(363,'Atque quia illo beatae.','2025-01-14',2.00,7,10,'2025-02-10 03:54:17','2025-02-10 03:54:17'),(364,'Voluptatum ut est.','2025-02-08',2.00,7,10,'2025-02-10 03:54:17','2025-02-10 03:54:17'),(365,'Quidem et vero.','2025-01-31',2.00,7,10,'2025-02-10 03:54:17','2025-02-10 03:54:17'),(366,'Quas soluta et.','2025-01-30',2.00,8,10,'2025-02-10 03:54:17','2025-02-10 03:54:17'),(367,'Impedit omnis iusto.','2025-01-15',7.00,8,10,'2025-02-10 03:54:17','2025-02-10 03:54:17'),(368,'Consequatur commodi aut consequatur.','2025-01-31',7.00,8,10,'2025-02-10 03:54:17','2025-02-10 03:54:17'),(369,'At quo inventore voluptatem.','2025-01-26',1.00,9,10,'2025-02-10 03:54:17','2025-02-10 03:54:17'),(370,'Asperiores eos similique cupiditate.','2025-01-30',1.00,9,10,'2025-02-10 03:54:17','2025-02-10 03:54:17'),(371,'Doloremque et dignissimos similique facere.','2025-02-04',5.00,9,10,'2025-02-10 03:54:17','2025-02-10 03:54:17'),(372,'Occaecati corporis illum.','2025-01-30',6.00,10,10,'2025-02-10 03:54:17','2025-02-10 03:54:17'),(373,'Labore voluptatibus quia.','2025-01-11',6.00,10,10,'2025-02-10 03:54:17','2025-02-10 03:54:17'),(374,'Ducimus voluptas rem.','2025-01-16',3.00,10,10,'2025-02-10 03:54:17','2025-02-10 03:54:17'),(375,'Eum id neque aut.','2025-01-20',4.00,10,10,'2025-02-10 03:54:17','2025-02-10 03:54:17'),(376,'Distinctio et et saepe.','2025-02-07',4.00,1,11,'2025-02-10 03:54:17','2025-02-10 03:54:17'),(377,'Est reiciendis doloribus maxime.','2025-02-06',6.00,1,11,'2025-02-10 03:54:17','2025-02-10 03:54:17'),(378,'Consectetur nihil doloremque.','2025-01-22',2.00,1,11,'2025-02-10 03:54:17','2025-02-10 03:54:17'),(379,'Quos voluptatem et iure.','2025-01-21',8.00,1,11,'2025-02-10 03:54:17','2025-02-10 03:54:17'),(380,'Commodi eos sint.','2025-02-07',6.00,2,11,'2025-02-10 03:54:17','2025-02-10 03:54:17'),(381,'Consequatur consequuntur libero.','2025-02-06',1.00,2,11,'2025-02-10 03:54:17','2025-02-10 03:54:17'),(382,'Quod sint rerum.','2025-02-09',5.00,2,11,'2025-02-10 03:54:17','2025-02-10 03:54:17'),(383,'Ipsam dolores possimus.','2025-01-29',8.00,2,11,'2025-02-10 03:54:17','2025-02-10 03:54:17'),(384,'Eius sequi esse amet incidunt.','2025-02-08',3.00,3,11,'2025-02-10 03:54:17','2025-02-10 03:54:17'),(385,'Quis iusto voluptates.','2025-01-30',8.00,3,11,'2025-02-10 03:54:17','2025-02-10 03:54:17'),(386,'Aliquid cupiditate quo.','2025-01-19',4.00,3,11,'2025-02-10 03:54:17','2025-02-10 03:54:17'),(387,'Commodi repellendus vero sit.','2025-02-02',1.00,4,11,'2025-02-10 03:54:17','2025-02-10 03:54:17'),(388,'Modi necessitatibus ut quam.','2025-01-17',7.00,4,11,'2025-02-10 03:54:17','2025-02-10 03:54:17'),(389,'Voluptatem in ipsam.','2025-02-09',2.00,4,11,'2025-02-10 03:54:17','2025-02-10 03:54:17'),(390,'Voluptas rerum tempore aut.','2025-01-27',1.00,5,11,'2025-02-10 03:54:17','2025-02-10 03:54:17'),(391,'Autem laboriosam velit a.','2025-01-11',7.00,5,11,'2025-02-10 03:54:17','2025-02-10 03:54:17'),(392,'Eveniet reprehenderit magnam.','2025-01-20',2.00,5,11,'2025-02-10 03:54:17','2025-02-10 03:54:17'),(393,'Non quis accusamus.','2025-02-08',6.00,6,11,'2025-02-10 03:54:17','2025-02-10 03:54:17'),(394,'Ea odit ea eaque.','2025-01-22',1.00,6,11,'2025-02-10 03:54:17','2025-02-10 03:54:17'),(395,'Temporibus ut.','2025-01-15',4.00,6,11,'2025-02-10 03:54:17','2025-02-10 03:54:17'),(396,'Dolorem et est dolor.','2025-01-17',7.00,6,11,'2025-02-10 03:54:17','2025-02-10 03:54:17'),(397,'Reiciendis molestiae autem.','2025-01-17',1.00,7,11,'2025-02-10 03:54:17','2025-02-10 03:54:17'),(398,'Aut et inventore labore.','2025-01-20',8.00,7,11,'2025-02-10 03:54:17','2025-02-10 03:54:17'),(399,'Voluptas tempora sint dolorum.','2025-02-01',6.00,7,11,'2025-02-10 03:54:17','2025-02-10 03:54:17'),(400,'Iste soluta voluptatum.','2025-02-09',2.00,8,11,'2025-02-10 03:54:17','2025-02-10 03:54:17'),(401,'Quod vitae velit.','2025-01-20',3.00,8,11,'2025-02-10 03:54:17','2025-02-10 03:54:17'),(402,'Voluptatem ut molestiae.','2025-01-29',1.00,8,11,'2025-02-10 03:54:17','2025-02-10 03:54:17'),(403,'Asperiores sed repellendus.','2025-02-01',7.00,9,11,'2025-02-10 03:54:17','2025-02-10 03:54:17'),(404,'Est sed sunt consequatur.','2025-01-30',2.00,9,11,'2025-02-10 03:54:17','2025-02-10 03:54:17'),(405,'Sint aliquid qui eos.','2025-01-21',8.00,9,11,'2025-02-10 03:54:17','2025-02-10 03:54:17'),(406,'Expedita corporis illum et.','2025-01-20',4.00,10,11,'2025-02-10 03:54:17','2025-02-10 03:54:17'),(407,'Omnis ducimus tempora fuga.','2025-01-22',3.00,10,11,'2025-02-10 03:54:17','2025-02-10 03:54:17'),(408,'Dolorem autem et.','2025-02-06',4.00,10,11,'2025-02-10 03:54:17','2025-02-10 03:54:17'),(409,'A ut et.','2025-01-27',7.00,10,11,'2025-02-10 03:54:17','2025-02-10 03:54:17'),(410,'Commodi deserunt amet.','2025-01-26',5.00,1,12,'2025-02-10 03:54:17','2025-02-10 03:54:17'),(411,'Architecto dolore quas et.','2025-01-20',1.00,1,12,'2025-02-10 03:54:17','2025-02-10 03:54:17'),(412,'Fugit officia sed ratione repellat.','2025-02-08',8.00,1,12,'2025-02-10 03:54:17','2025-02-10 03:54:17'),(413,'Molestias consectetur fuga.','2025-01-17',4.00,2,12,'2025-02-10 03:54:17','2025-02-10 03:54:17'),(414,'Aut tempore.','2025-01-29',1.00,2,12,'2025-02-10 03:54:17','2025-02-10 03:54:17'),(415,'Eos perferendis quo.','2025-02-02',4.00,2,12,'2025-02-10 03:54:17','2025-02-10 03:54:17'),(416,'Dolores et dolorem sequi.','2025-02-05',4.00,2,12,'2025-02-10 03:54:17','2025-02-10 03:54:17'),(417,'Dolorem ex reprehenderit.','2025-01-15',7.00,2,12,'2025-02-10 03:54:17','2025-02-10 03:54:17'),(418,'Numquam deleniti ea.','2025-02-07',7.00,3,12,'2025-02-10 03:54:17','2025-02-10 03:54:17'),(419,'Quibusdam eum harum.','2025-01-30',1.00,3,12,'2025-02-10 03:54:17','2025-02-10 03:54:17'),(420,'Minima eaque amet ut.','2025-01-25',5.00,3,12,'2025-02-10 03:54:17','2025-02-10 03:54:17'),(421,'Sapiente optio eum officiis.','2025-01-30',3.00,4,12,'2025-02-10 03:54:17','2025-02-10 03:54:17'),(422,'Natus reiciendis sint nesciunt.','2025-01-30',2.00,4,12,'2025-02-10 03:54:17','2025-02-10 03:54:17'),(423,'Amet assumenda et architecto.','2025-01-12',8.00,4,12,'2025-02-10 03:54:17','2025-02-10 03:54:17'),(424,'Ab nam qui nemo.','2025-01-31',3.00,4,12,'2025-02-10 03:54:17','2025-02-10 03:54:17'),(425,'Saepe voluptatem et adipisci voluptas.','2025-01-29',2.00,5,12,'2025-02-10 03:54:17','2025-02-10 03:54:17'),(426,'Sint quas dolor.','2025-02-09',2.00,5,12,'2025-02-10 03:54:17','2025-02-10 03:54:17'),(427,'Veniam nostrum voluptas.','2025-01-19',6.00,5,12,'2025-02-10 03:54:17','2025-02-10 03:54:17'),(428,'Commodi eos illum.','2025-01-15',8.00,5,12,'2025-02-10 03:54:17','2025-02-10 03:54:17'),(429,'Ipsam repudiandae unde ex.','2025-01-22',1.00,6,12,'2025-02-10 03:54:17','2025-02-10 03:54:17'),(430,'Unde veniam eveniet.','2025-01-23',1.00,6,12,'2025-02-10 03:54:17','2025-02-10 03:54:17'),(431,'Totam accusantium rerum enim.','2025-01-28',2.00,6,12,'2025-02-10 03:54:17','2025-02-10 03:54:17'),(432,'Fuga soluta quis.','2025-01-27',3.00,6,12,'2025-02-10 03:54:17','2025-02-10 03:54:17'),(433,'Non eius.','2025-01-22',8.00,7,12,'2025-02-10 03:54:17','2025-02-10 03:54:17'),(434,'Corrupti non est et.','2025-02-07',2.00,7,12,'2025-02-10 03:54:17','2025-02-10 03:54:17'),(435,'Fugit tenetur maxime.','2025-01-12',8.00,7,12,'2025-02-10 03:54:17','2025-02-10 03:54:17'),(436,'Aspernatur et enim tempore.','2025-02-01',7.00,7,12,'2025-02-10 03:54:17','2025-02-10 03:54:17'),(437,'Quam id quia.','2025-02-07',6.00,8,12,'2025-02-10 03:54:17','2025-02-10 03:54:17'),(438,'Quis illum rerum.','2025-02-02',5.00,8,12,'2025-02-10 03:54:17','2025-02-10 03:54:17'),(439,'Iure aut sit iusto.','2025-01-14',4.00,8,12,'2025-02-10 03:54:17','2025-02-10 03:54:17'),(440,'Eveniet repellendus veniam.','2025-01-19',8.00,8,12,'2025-02-10 03:54:17','2025-02-10 03:54:17'),(441,'Laudantium minus.','2025-01-30',5.00,8,12,'2025-02-10 03:54:17','2025-02-10 03:54:17'),(442,'Vel aut et.','2025-02-04',3.00,9,12,'2025-02-10 03:54:17','2025-02-10 03:54:17'),(443,'Deleniti doloribus aut.','2025-02-02',8.00,9,12,'2025-02-10 03:54:17','2025-02-10 03:54:17'),(444,'Est qui sit sit.','2025-01-16',8.00,9,12,'2025-02-10 03:54:17','2025-02-10 03:54:17'),(445,'Voluptatem sed dicta aspernatur.','2025-01-21',5.00,9,12,'2025-02-10 03:54:17','2025-02-10 03:54:17'),(446,'Perspiciatis ea eum nulla vel.','2025-01-16',3.00,9,12,'2025-02-10 03:54:17','2025-02-10 03:54:17'),(447,'Nesciunt omnis harum.','2025-01-21',4.00,10,12,'2025-02-10 03:54:17','2025-02-10 03:54:17'),(448,'Omnis ipsum.','2025-01-29',5.00,10,12,'2025-02-10 03:54:17','2025-02-10 03:54:17'),(449,'Asperiores et itaque.','2025-02-02',3.00,10,12,'2025-02-10 03:54:17','2025-02-10 03:54:17'),(450,'Perspiciatis non animi.','2025-01-26',7.00,1,13,'2025-02-10 03:54:17','2025-02-10 03:54:17'),(451,'Vel qui inventore.','2025-01-11',4.00,1,13,'2025-02-10 03:54:17','2025-02-10 03:54:17'),(452,'Quis eligendi dolores qui.','2025-02-05',3.00,1,13,'2025-02-10 03:54:17','2025-02-10 03:54:17'),(453,'Qui optio eveniet amet.','2025-02-05',5.00,1,13,'2025-02-10 03:54:17','2025-02-10 03:54:17'),(454,'Non harum voluptatem consequatur provident.','2025-01-24',6.00,2,13,'2025-02-10 03:54:17','2025-02-10 03:54:17'),(455,'Autem sed ex.','2025-02-05',4.00,2,13,'2025-02-10 03:54:17','2025-02-10 03:54:17'),(456,'In facilis pariatur occaecati.','2025-01-19',2.00,2,13,'2025-02-10 03:54:17','2025-02-10 03:54:17'),(457,'Officiis aliquid eligendi.','2025-01-20',4.00,3,13,'2025-02-10 03:54:17','2025-02-10 03:54:17'),(458,'Asperiores harum qui.','2025-01-31',8.00,3,13,'2025-02-10 03:54:17','2025-02-10 03:54:17'),(459,'Nihil cumque.','2025-01-29',2.00,3,13,'2025-02-10 03:54:17','2025-02-10 03:54:17'),(460,'Necessitatibus culpa ut molestias.','2025-01-12',1.00,4,13,'2025-02-10 03:54:17','2025-02-10 03:54:17'),(461,'Commodi voluptatibus non nisi.','2025-01-25',3.00,4,13,'2025-02-10 03:54:17','2025-02-10 03:54:17'),(462,'Quis dignissimos soluta.','2025-01-12',4.00,4,13,'2025-02-10 03:54:17','2025-02-10 03:54:17'),(463,'Eius in exercitationem quia.','2025-01-24',2.00,5,13,'2025-02-10 03:54:17','2025-02-10 03:54:17'),(464,'Repudiandae doloremque consequatur quis.','2025-02-03',2.00,5,13,'2025-02-10 03:54:17','2025-02-10 03:54:17'),(465,'Et nulla tempore repellat.','2025-01-26',1.00,5,13,'2025-02-10 03:54:17','2025-02-10 03:54:17'),(466,'Dolore nesciunt occaecati excepturi.','2025-02-01',5.00,5,13,'2025-02-10 03:54:17','2025-02-10 03:54:17'),(467,'Similique quis velit libero fuga.','2025-02-06',5.00,5,13,'2025-02-10 03:54:17','2025-02-10 03:54:17'),(468,'Qui in et.','2025-02-05',2.00,6,13,'2025-02-10 03:54:17','2025-02-10 03:54:17'),(469,'Et nemo exercitationem.','2025-02-08',4.00,6,13,'2025-02-10 03:54:17','2025-02-10 03:54:17'),(470,'Consequatur est dolorem deleniti.','2025-01-15',3.00,6,13,'2025-02-10 03:54:17','2025-02-10 03:54:17'),(471,'Harum tempora voluptas.','2025-01-30',4.00,6,13,'2025-02-10 03:54:17','2025-02-10 03:54:17'),(472,'Optio asperiores consectetur sit officia.','2025-01-16',1.00,7,13,'2025-02-10 03:54:17','2025-02-10 03:54:17'),(473,'Sit quis.','2025-02-04',8.00,7,13,'2025-02-10 03:54:17','2025-02-10 03:54:17'),(474,'Ipsum vel corrupti quam.','2025-02-08',3.00,7,13,'2025-02-10 03:54:17','2025-02-10 03:54:17'),(475,'Est quaerat accusamus ducimus.','2025-02-02',7.00,7,13,'2025-02-10 03:54:17','2025-02-10 03:54:17'),(476,'Delectus aperiam autem sit.','2025-01-13',7.00,8,13,'2025-02-10 03:54:17','2025-02-10 03:54:17'),(477,'Et aliquam ea adipisci.','2025-01-29',1.00,8,13,'2025-02-10 03:54:17','2025-02-10 03:54:17'),(478,'Labore nemo minima voluptatem.','2025-02-07',4.00,8,13,'2025-02-10 03:54:17','2025-02-10 03:54:17'),(479,'Libero omnis non et.','2025-01-30',4.00,9,13,'2025-02-10 03:54:17','2025-02-10 03:54:17'),(480,'Quae et vel.','2025-01-11',7.00,9,13,'2025-02-10 03:54:17','2025-02-10 03:54:17'),(481,'Eligendi minus laudantium.','2025-01-14',1.00,9,13,'2025-02-10 03:54:17','2025-02-10 03:54:17'),(482,'At quas molestias.','2025-01-23',5.00,9,13,'2025-02-10 03:54:17','2025-02-10 03:54:17'),(483,'Sunt quisquam reprehenderit.','2025-01-25',4.00,9,13,'2025-02-10 03:54:17','2025-02-10 03:54:17'),(484,'Velit explicabo rerum.','2025-01-28',7.00,10,13,'2025-02-10 03:54:17','2025-02-10 03:54:17'),(485,'Asperiores culpa fugiat ex.','2025-01-31',4.00,10,13,'2025-02-10 03:54:17','2025-02-10 03:54:17'),(486,'Cum animi laborum.','2025-02-04',7.00,10,13,'2025-02-10 03:54:17','2025-02-10 03:54:17'),(487,'Non quod qui.','2025-02-02',5.00,10,13,'2025-02-10 03:54:17','2025-02-10 03:54:17'),(488,'Iste laborum sint soluta.','2025-02-07',8.00,10,13,'2025-02-10 03:54:17','2025-02-10 03:54:17'),(489,'Omnis nihil esse.','2025-01-14',2.00,1,14,'2025-02-10 03:54:17','2025-02-10 03:54:17'),(490,'Eligendi inventore tempora consequatur.','2025-01-17',2.00,1,14,'2025-02-10 03:54:17','2025-02-10 03:54:17'),(491,'Ut rerum blanditiis deserunt.','2025-01-27',3.00,1,14,'2025-02-10 03:54:17','2025-02-10 03:54:17'),(492,'Aspernatur laudantium qui.','2025-01-22',1.00,1,14,'2025-02-10 03:54:17','2025-02-10 03:54:17'),(493,'A natus nesciunt.','2025-01-17',1.00,1,14,'2025-02-10 03:54:17','2025-02-10 03:54:17'),(494,'Voluptatibus autem perspiciatis.','2025-01-14',5.00,2,14,'2025-02-10 03:54:17','2025-02-10 03:54:17'),(495,'Et delectus non.','2025-01-27',1.00,2,14,'2025-02-10 03:54:17','2025-02-10 03:54:17'),(496,'Ut atque.','2025-02-04',2.00,2,14,'2025-02-10 03:54:17','2025-02-10 03:54:17'),(497,'Dicta nam aut.','2025-02-07',8.00,2,14,'2025-02-10 03:54:17','2025-02-10 03:54:17'),(498,'Aut earum similique.','2025-02-07',8.00,2,14,'2025-02-10 03:54:17','2025-02-10 03:54:17'),(499,'Quos atque nihil.','2025-01-14',7.00,3,14,'2025-02-10 03:54:17','2025-02-10 03:54:17'),(500,'Debitis maxime est.','2025-01-13',2.00,3,14,'2025-02-10 03:54:17','2025-02-10 03:54:17'),(501,'Repellendus ut sunt.','2025-01-28',1.00,3,14,'2025-02-10 03:54:17','2025-02-10 03:54:17'),(502,'Nostrum non deserunt nobis.','2025-02-05',5.00,3,14,'2025-02-10 03:54:17','2025-02-10 03:54:17'),(503,'Expedita harum.','2025-01-20',2.00,3,14,'2025-02-10 03:54:17','2025-02-10 03:54:17'),(504,'Ab sit tenetur dicta.','2025-01-11',3.00,4,14,'2025-02-10 03:54:17','2025-02-10 03:54:17'),(505,'Consequuntur voluptatem odio.','2025-01-14',7.00,4,14,'2025-02-10 03:54:17','2025-02-10 03:54:17'),(506,'Ipsam est quam repellat.','2025-01-11',4.00,4,14,'2025-02-10 03:54:17','2025-02-10 03:54:17'),(507,'Rerum non alias aut.','2025-02-08',8.00,4,14,'2025-02-10 03:54:17','2025-02-10 03:54:17'),(508,'Quisquam in dolorem.','2025-01-31',8.00,5,14,'2025-02-10 03:54:17','2025-02-10 03:54:17'),(509,'Dicta ducimus quasi.','2025-02-06',1.00,5,14,'2025-02-10 03:54:17','2025-02-10 03:54:17'),(510,'In quibusdam aliquam.','2025-01-26',4.00,5,14,'2025-02-10 03:54:17','2025-02-10 03:54:17'),(511,'Eum non.','2025-02-07',3.00,5,14,'2025-02-10 03:54:17','2025-02-10 03:54:17'),(512,'Qui velit ut aspernatur.','2025-01-25',3.00,6,14,'2025-02-10 03:54:17','2025-02-10 03:54:17'),(513,'Id accusantium placeat sed.','2025-02-05',5.00,6,14,'2025-02-10 03:54:17','2025-02-10 03:54:17'),(514,'Ipsum sunt eum.','2025-01-27',6.00,6,14,'2025-02-10 03:54:17','2025-02-10 03:54:17'),(515,'A minus.','2025-02-05',8.00,6,14,'2025-02-10 03:54:17','2025-02-10 03:54:17'),(516,'Exercitationem eum alias velit.','2025-02-09',4.00,7,14,'2025-02-10 03:54:17','2025-02-10 03:54:17'),(517,'Et qui nam.','2025-02-04',3.00,7,14,'2025-02-10 03:54:17','2025-02-10 03:54:17'),(518,'Corrupti cumque ipsa voluptatum hic.','2025-01-24',5.00,7,14,'2025-02-10 03:54:17','2025-02-10 03:54:17'),(519,'Nisi non.','2025-01-28',5.00,7,14,'2025-02-10 03:54:17','2025-02-10 03:54:17'),(520,'Tempora quasi ipsam sint necessitatibus.','2025-02-01',1.00,8,14,'2025-02-10 03:54:17','2025-02-10 03:54:17'),(521,'Modi et qui.','2025-01-21',4.00,8,14,'2025-02-10 03:54:17','2025-02-10 03:54:17'),(522,'Ut sit omnis.','2025-01-20',1.00,8,14,'2025-02-10 03:54:17','2025-02-10 03:54:17'),(523,'Et cumque officiis molestias.','2025-02-02',5.00,8,14,'2025-02-10 03:54:17','2025-02-10 03:54:17'),(524,'Nostrum et harum.','2025-02-03',5.00,9,14,'2025-02-10 03:54:17','2025-02-10 03:54:17'),(525,'Atque sapiente laborum rerum.','2025-02-07',2.00,9,14,'2025-02-10 03:54:17','2025-02-10 03:54:17'),(526,'Quis et aut voluptatem.','2025-01-11',4.00,9,14,'2025-02-10 03:54:17','2025-02-10 03:54:17'),(527,'Qui explicabo eius ad.','2025-02-01',6.00,9,14,'2025-02-10 03:54:17','2025-02-10 03:54:17'),(528,'Et sit repellendus neque similique.','2025-01-24',2.00,10,14,'2025-02-10 03:54:17','2025-02-10 03:54:17'),(529,'Quasi dicta voluptas accusamus.','2025-01-19',2.00,10,14,'2025-02-10 03:54:17','2025-02-10 03:54:17'),(530,'Aliquid repudiandae autem.','2025-01-20',7.00,10,14,'2025-02-10 03:54:17','2025-02-10 03:54:17'),(531,'Error explicabo facilis.','2025-02-07',5.00,10,14,'2025-02-10 03:54:17','2025-02-10 03:54:17'),(532,'Sint dolor est amet.','2025-01-22',3.00,1,15,'2025-02-10 03:54:17','2025-02-10 03:54:17'),(533,'Aut autem commodi.','2025-01-13',3.00,1,15,'2025-02-10 03:54:17','2025-02-10 03:54:17'),(534,'Qui perspiciatis iusto eos.','2025-01-18',2.00,1,15,'2025-02-10 03:54:17','2025-02-10 03:54:17'),(535,'Itaque ab nihil.','2025-01-19',4.00,1,15,'2025-02-10 03:54:17','2025-02-10 03:54:17'),(536,'Molestias reiciendis velit.','2025-01-31',5.00,2,15,'2025-02-10 03:54:17','2025-02-10 03:54:17'),(537,'Similique facere reiciendis.','2025-02-08',1.00,2,15,'2025-02-10 03:54:17','2025-02-10 03:54:17'),(538,'Aut aut laboriosam ut dolores.','2025-01-21',4.00,2,15,'2025-02-10 03:54:17','2025-02-10 03:54:17'),(539,'Voluptatem in non.','2025-02-03',4.00,3,15,'2025-02-10 03:54:17','2025-02-10 03:54:17'),(540,'Ut libero rerum commodi sit.','2025-01-13',8.00,3,15,'2025-02-10 03:54:17','2025-02-10 03:54:17'),(541,'Laborum aut et perspiciatis.','2025-02-06',1.00,3,15,'2025-02-10 03:54:17','2025-02-10 03:54:17'),(542,'Voluptatem velit nulla.','2025-01-25',2.00,4,15,'2025-02-10 03:54:17','2025-02-10 03:54:17'),(543,'Qui numquam voluptatem qui.','2025-01-17',4.00,4,15,'2025-02-10 03:54:17','2025-02-10 03:54:17'),(544,'Exercitationem in itaque.','2025-01-16',5.00,4,15,'2025-02-10 03:54:17','2025-02-10 03:54:17'),(545,'Dolorem maiores dolor maiores.','2025-02-02',2.00,4,15,'2025-02-10 03:54:17','2025-02-10 03:54:17'),(546,'Quia quo error modi impedit.','2025-01-17',6.00,5,15,'2025-02-10 03:54:17','2025-02-10 03:54:17'),(547,'Quas cupiditate odio.','2025-02-08',1.00,5,15,'2025-02-10 03:54:17','2025-02-10 03:54:17'),(548,'Alias quod eos.','2025-01-18',3.00,5,15,'2025-02-10 03:54:17','2025-02-10 03:54:17'),(549,'Magni doloribus libero.','2025-02-03',2.00,5,15,'2025-02-10 03:54:17','2025-02-10 03:54:17'),(550,'Quia ut.','2025-01-27',4.00,6,15,'2025-02-10 03:54:17','2025-02-10 03:54:17'),(551,'Quam qui est.','2025-02-02',2.00,6,15,'2025-02-10 03:54:17','2025-02-10 03:54:17'),(552,'Expedita rem facilis.','2025-01-22',1.00,6,15,'2025-02-10 03:54:17','2025-02-10 03:54:17'),(553,'Fugit quidem.','2025-02-09',8.00,7,15,'2025-02-10 03:54:17','2025-02-10 03:54:17'),(554,'Accusantium occaecati esse.','2025-01-11',4.00,7,15,'2025-02-10 03:54:17','2025-02-10 03:54:17'),(555,'Iusto doloremque tenetur.','2025-01-13',7.00,7,15,'2025-02-10 03:54:17','2025-02-10 03:54:17'),(556,'Incidunt harum.','2025-02-08',8.00,7,15,'2025-02-10 03:54:17','2025-02-10 03:54:17'),(557,'Fuga quod et voluptatem.','2025-01-19',4.00,8,15,'2025-02-10 03:54:17','2025-02-10 03:54:17'),(558,'Autem est voluptas saepe.','2025-01-16',4.00,8,15,'2025-02-10 03:54:17','2025-02-10 03:54:17'),(559,'Aspernatur voluptatum sed.','2025-01-12',3.00,8,15,'2025-02-10 03:54:17','2025-02-10 03:54:17'),(560,'In ea et beatae.','2025-01-30',7.00,8,15,'2025-02-10 03:54:17','2025-02-10 03:54:17'),(561,'Quaerat et dignissimos molestias.','2025-01-30',3.00,9,15,'2025-02-10 03:54:17','2025-02-10 03:54:17'),(562,'Sint fugiat consequatur.','2025-02-01',3.00,9,15,'2025-02-10 03:54:17','2025-02-10 03:54:17'),(563,'Sit vitae tenetur a.','2025-01-25',7.00,9,15,'2025-02-10 03:54:17','2025-02-10 03:54:17'),(564,'Unde harum accusamus.','2025-02-06',5.00,9,15,'2025-02-10 03:54:17','2025-02-10 03:54:17'),(565,'Quia quo quam praesentium.','2025-01-27',5.00,10,15,'2025-02-10 03:54:17','2025-02-10 03:54:17'),(566,'Deleniti totam et qui.','2025-01-17',4.00,10,15,'2025-02-10 03:54:17','2025-02-10 03:54:17'),(567,'Rerum et.','2025-01-21',8.00,10,15,'2025-02-10 03:54:17','2025-02-10 03:54:17'),(568,'Voluptatem enim animi.','2025-01-11',2.00,10,15,'2025-02-10 03:54:17','2025-02-10 03:54:17'),(569,'Rerum consequatur incidunt rerum repudiandae.','2025-01-14',4.00,1,16,'2025-02-10 03:54:17','2025-02-10 03:54:17'),(570,'Illo harum et autem.','2025-01-17',2.00,1,16,'2025-02-10 03:54:17','2025-02-10 03:54:17'),(571,'Quia deserunt et.','2025-01-16',4.00,1,16,'2025-02-10 03:54:17','2025-02-10 03:54:17'),(572,'Quo incidunt pariatur quam dolores.','2025-01-11',8.00,2,16,'2025-02-10 03:54:17','2025-02-10 03:54:17'),(573,'Libero adipisci accusamus.','2025-02-04',5.00,2,16,'2025-02-10 03:54:17','2025-02-10 03:54:17'),(574,'Nobis quidem fugiat saepe.','2025-02-04',8.00,2,16,'2025-02-10 03:54:17','2025-02-10 03:54:17'),(575,'Est voluptas culpa.','2025-01-16',7.00,2,16,'2025-02-10 03:54:17','2025-02-10 03:54:17'),(576,'Sunt non omnis.','2025-01-11',8.00,2,16,'2025-02-10 03:54:17','2025-02-10 03:54:17'),(577,'Corporis corrupti sunt.','2025-01-25',2.00,3,16,'2025-02-10 03:54:17','2025-02-10 03:54:17'),(578,'Et sed laborum.','2025-02-06',5.00,3,16,'2025-02-10 03:54:17','2025-02-10 03:54:17'),(579,'Dignissimos id doloribus enim.','2025-01-18',5.00,3,16,'2025-02-10 03:54:17','2025-02-10 03:54:17'),(580,'Cumque eos veniam.','2025-02-02',8.00,4,16,'2025-02-10 03:54:17','2025-02-10 03:54:17'),(581,'Et et officia.','2025-01-23',2.00,4,16,'2025-02-10 03:54:17','2025-02-10 03:54:17'),(582,'Dolores sit ut.','2025-01-30',6.00,4,16,'2025-02-10 03:54:17','2025-02-10 03:54:17'),(583,'Eius cupiditate non.','2025-01-21',7.00,4,16,'2025-02-10 03:54:17','2025-02-10 03:54:17'),(584,'Voluptatem repellat consequatur libero.','2025-02-01',3.00,4,16,'2025-02-10 03:54:17','2025-02-10 03:54:17'),(585,'Qui et aut itaque.','2025-02-06',7.00,5,16,'2025-02-10 03:54:17','2025-02-10 03:54:17'),(586,'Qui aperiam aut aperiam veritatis.','2025-02-09',2.00,5,16,'2025-02-10 03:54:17','2025-02-10 03:54:17'),(587,'Cupiditate dolorem ipsum dignissimos.','2025-01-12',6.00,5,16,'2025-02-10 03:54:17','2025-02-10 03:54:17'),(588,'Aliquid quia at.','2025-01-28',4.00,6,16,'2025-02-10 03:54:17','2025-02-10 03:54:17'),(589,'Eligendi recusandae quod facere voluptates.','2025-01-16',7.00,6,16,'2025-02-10 03:54:17','2025-02-10 03:54:17'),(590,'Esse totam debitis quae.','2025-01-30',8.00,6,16,'2025-02-10 03:54:17','2025-02-10 03:54:17'),(591,'Autem ut voluptas.','2025-01-20',5.00,6,16,'2025-02-10 03:54:17','2025-02-10 03:54:17'),(592,'Ut ipsam eum perspiciatis.','2025-01-20',4.00,7,16,'2025-02-10 03:54:17','2025-02-10 03:54:17'),(593,'Dicta numquam perferendis praesentium ullam.','2025-02-08',6.00,7,16,'2025-02-10 03:54:17','2025-02-10 03:54:17'),(594,'Dolorem sit.','2025-01-13',6.00,7,16,'2025-02-10 03:54:17','2025-02-10 03:54:17'),(595,'Doloremque fuga consectetur magni.','2025-01-19',5.00,7,16,'2025-02-10 03:54:17','2025-02-10 03:54:17'),(596,'Consequatur molestias eius debitis.','2025-01-20',5.00,8,16,'2025-02-10 03:54:17','2025-02-10 03:54:17'),(597,'Maxime voluptatem voluptates.','2025-01-27',8.00,8,16,'2025-02-10 03:54:17','2025-02-10 03:54:17'),(598,'Maiores et ex accusamus quae.','2025-02-05',6.00,8,16,'2025-02-10 03:54:17','2025-02-10 03:54:17'),(599,'Nesciunt voluptates.','2025-01-16',6.00,9,16,'2025-02-10 03:54:17','2025-02-10 03:54:17'),(600,'Vel laudantium cumque.','2025-01-12',5.00,9,16,'2025-02-10 03:54:17','2025-02-10 03:54:17'),(601,'Porro occaecati ea est.','2025-01-22',5.00,9,16,'2025-02-10 03:54:17','2025-02-10 03:54:17'),(602,'Doloremque ipsum quo eum.','2025-01-30',4.00,10,16,'2025-02-10 03:54:17','2025-02-10 03:54:17'),(603,'Praesentium quia.','2025-01-28',4.00,10,16,'2025-02-10 03:54:17','2025-02-10 03:54:17'),(604,'In illum quasi quos.','2025-01-27',1.00,10,16,'2025-02-10 03:54:17','2025-02-10 03:54:17'),(605,'Repellendus quia voluptatem.','2025-01-21',5.00,1,17,'2025-02-10 03:54:17','2025-02-10 03:54:17'),(606,'Quidem sit totam.','2025-01-26',6.00,1,17,'2025-02-10 03:54:17','2025-02-10 03:54:17'),(607,'Est provident quas.','2025-01-14',2.00,1,17,'2025-02-10 03:54:17','2025-02-10 03:54:17'),(608,'Repellendus magnam eaque quis.','2025-01-25',1.00,2,17,'2025-02-10 03:54:17','2025-02-10 03:54:17'),(609,'Possimus adipisci sit voluptas.','2025-01-12',3.00,2,17,'2025-02-10 03:54:17','2025-02-10 03:54:17'),(610,'Et quis omnis inventore.','2025-01-24',4.00,2,17,'2025-02-10 03:54:17','2025-02-10 03:54:17'),(611,'Velit cupiditate ad aut ut.','2025-02-03',2.00,2,17,'2025-02-10 03:54:17','2025-02-10 03:54:17'),(612,'Provident harum odit incidunt.','2025-01-24',6.00,2,17,'2025-02-10 03:54:17','2025-02-10 03:54:17'),(613,'Enim temporibus.','2025-01-14',4.00,3,17,'2025-02-10 03:54:17','2025-02-10 03:54:17'),(614,'Perspiciatis accusantium iste.','2025-02-05',6.00,3,17,'2025-02-10 03:54:17','2025-02-10 03:54:17'),(615,'Et ex ut.','2025-02-09',7.00,3,17,'2025-02-10 03:54:17','2025-02-10 03:54:17'),(616,'Sed sunt quasi.','2025-01-30',5.00,3,17,'2025-02-10 03:54:17','2025-02-10 03:54:17'),(617,'Aut sunt aliquam quos.','2025-02-04',6.00,3,17,'2025-02-10 03:54:17','2025-02-10 03:54:17'),(618,'Sint omnis rerum.','2025-01-22',3.00,4,17,'2025-02-10 03:54:17','2025-02-10 03:54:17'),(619,'Quis dolores quia.','2025-02-01',3.00,4,17,'2025-02-10 03:54:17','2025-02-10 03:54:17'),(620,'A modi minus delectus tempore.','2025-02-01',8.00,4,17,'2025-02-10 03:54:17','2025-02-10 03:54:17'),(621,'Non sed molestiae non.','2025-01-21',5.00,4,17,'2025-02-10 03:54:17','2025-02-10 03:54:17'),(622,'Perferendis itaque eligendi voluptatum.','2025-01-23',2.00,4,17,'2025-02-10 03:54:17','2025-02-10 03:54:17'),(623,'Deleniti ab est est quidem.','2025-01-28',3.00,5,17,'2025-02-10 03:54:17','2025-02-10 03:54:17'),(624,'Quidem provident vitae ea.','2025-02-05',8.00,5,17,'2025-02-10 03:54:17','2025-02-10 03:54:17'),(625,'Dicta amet nulla.','2025-01-28',2.00,5,17,'2025-02-10 03:54:17','2025-02-10 03:54:17'),(626,'Deserunt eligendi corrupti reprehenderit.','2025-02-01',1.00,5,17,'2025-02-10 03:54:17','2025-02-10 03:54:17'),(627,'Repudiandae quod.','2025-02-08',5.00,6,17,'2025-02-10 03:54:17','2025-02-10 03:54:17'),(628,'Veniam soluta et.','2025-01-20',4.00,6,17,'2025-02-10 03:54:17','2025-02-10 03:54:17'),(629,'A debitis est sint.','2025-01-25',6.00,6,17,'2025-02-10 03:54:17','2025-02-10 03:54:17'),(630,'Beatae tenetur et illo.','2025-01-29',4.00,6,17,'2025-02-10 03:54:17','2025-02-10 03:54:17'),(631,'Doloribus ullam ipsam.','2025-01-16',5.00,7,17,'2025-02-10 03:54:17','2025-02-10 03:54:17'),(632,'Omnis ipsa optio.','2025-01-31',8.00,7,17,'2025-02-10 03:54:17','2025-02-10 03:54:17'),(633,'Quis nulla eaque.','2025-01-23',1.00,7,17,'2025-02-10 03:54:17','2025-02-10 03:54:17'),(634,'Qui omnis molestiae.','2025-01-18',8.00,8,17,'2025-02-10 03:54:17','2025-02-10 03:54:17'),(635,'Similique temporibus hic doloribus.','2025-01-26',4.00,8,17,'2025-02-10 03:54:17','2025-02-10 03:54:17'),(636,'Sit totam praesentium nostrum.','2025-02-06',4.00,8,17,'2025-02-10 03:54:17','2025-02-10 03:54:17'),(637,'Est quia.','2025-01-31',8.00,8,17,'2025-02-10 03:54:17','2025-02-10 03:54:17'),(638,'Id autem.','2025-01-26',8.00,9,17,'2025-02-10 03:54:17','2025-02-10 03:54:17'),(639,'Et nulla ipsum rem autem.','2025-02-03',5.00,9,17,'2025-02-10 03:54:17','2025-02-10 03:54:17'),(640,'Ipsa libero esse ea.','2025-01-14',2.00,9,17,'2025-02-10 03:54:17','2025-02-10 03:54:17'),(641,'Nobis rerum deserunt.','2025-01-27',7.00,10,17,'2025-02-10 03:54:17','2025-02-10 03:54:17'),(642,'Nisi quidem consequuntur.','2025-01-24',1.00,10,17,'2025-02-10 03:54:17','2025-02-10 03:54:17'),(643,'Mollitia et.','2025-02-04',5.00,10,17,'2025-02-10 03:54:17','2025-02-10 03:54:17'),(644,'Rerum iure quisquam est.','2025-01-27',3.00,1,18,'2025-02-10 03:54:17','2025-02-10 03:54:17'),(645,'Blanditiis in quo.','2025-01-23',1.00,1,18,'2025-02-10 03:54:17','2025-02-10 03:54:17'),(646,'Ut sit ut.','2025-01-23',8.00,1,18,'2025-02-10 03:54:17','2025-02-10 03:54:17'),(647,'Magnam unde.','2025-01-31',7.00,1,18,'2025-02-10 03:54:17','2025-02-10 03:54:17'),(648,'Ea voluptas cumque accusamus omnis.','2025-01-21',5.00,2,18,'2025-02-10 03:54:17','2025-02-10 03:54:17'),(649,'Magni expedita et qui.','2025-01-26',1.00,2,18,'2025-02-10 03:54:17','2025-02-10 03:54:17'),(650,'Enim voluptates.','2025-01-19',4.00,2,18,'2025-02-10 03:54:17','2025-02-10 03:54:17'),(651,'Minus id est atque.','2025-01-11',6.00,3,18,'2025-02-10 03:54:17','2025-02-10 03:54:17'),(652,'Animi nulla dolor sit est.','2025-01-24',3.00,3,18,'2025-02-10 03:54:17','2025-02-10 03:54:17'),(653,'Dolorem expedita numquam saepe.','2025-01-18',7.00,3,18,'2025-02-10 03:54:17','2025-02-10 03:54:17'),(654,'Consequuntur a.','2025-01-20',8.00,3,18,'2025-02-10 03:54:17','2025-02-10 03:54:17'),(655,'Repellendus reprehenderit fugit.','2025-01-23',7.00,3,18,'2025-02-10 03:54:17','2025-02-10 03:54:17'),(656,'Aliquam perspiciatis sit.','2025-01-23',7.00,4,18,'2025-02-10 03:54:17','2025-02-10 03:54:17'),(657,'Totam ad enim dignissimos.','2025-01-22',3.00,4,18,'2025-02-10 03:54:17','2025-02-10 03:54:17'),(658,'Eveniet labore architecto et.','2025-02-03',1.00,4,18,'2025-02-10 03:54:17','2025-02-10 03:54:17'),(659,'Amet illo nesciunt fugit.','2025-01-23',3.00,5,18,'2025-02-10 03:54:17','2025-02-10 03:54:17'),(660,'Quia quam.','2025-01-16',1.00,5,18,'2025-02-10 03:54:17','2025-02-10 03:54:17'),(661,'Dolore aut dolorum omnis.','2025-01-11',5.00,5,18,'2025-02-10 03:54:17','2025-02-10 03:54:17'),(662,'Possimus minus possimus ut.','2025-02-02',8.00,5,18,'2025-02-10 03:54:17','2025-02-10 03:54:17'),(663,'Et dolorem dolor et.','2025-01-27',5.00,5,18,'2025-02-10 03:54:17','2025-02-10 03:54:17'),(664,'Dolores et sed ipsam.','2025-01-29',8.00,6,18,'2025-02-10 03:54:17','2025-02-10 03:54:17'),(665,'Totam necessitatibus velit perspiciatis.','2025-01-25',5.00,6,18,'2025-02-10 03:54:17','2025-02-10 03:54:17'),(666,'Sapiente fuga laudantium.','2025-02-06',8.00,6,18,'2025-02-10 03:54:17','2025-02-10 03:54:17'),(667,'Qui ut.','2025-01-19',6.00,6,18,'2025-02-10 03:54:17','2025-02-10 03:54:17'),(668,'Expedita sed autem aliquam.','2025-02-05',4.00,6,18,'2025-02-10 03:54:17','2025-02-10 03:54:17'),(669,'Omnis repellat ipsa.','2025-01-13',6.00,7,18,'2025-02-10 03:54:17','2025-02-10 03:54:17'),(670,'Eos nobis voluptas.','2025-01-26',2.00,7,18,'2025-02-10 03:54:17','2025-02-10 03:54:17'),(671,'Ullam magnam nobis.','2025-01-19',6.00,7,18,'2025-02-10 03:54:17','2025-02-10 03:54:17'),(672,'Quis vitae laborum laboriosam.','2025-01-12',4.00,8,18,'2025-02-10 03:54:17','2025-02-10 03:54:17'),(673,'Molestiae cum pariatur.','2025-01-21',2.00,8,18,'2025-02-10 03:54:17','2025-02-10 03:54:17'),(674,'Est et ratione ad.','2025-01-24',2.00,8,18,'2025-02-10 03:54:17','2025-02-10 03:54:17'),(675,'Mollitia architecto dolores.','2025-01-11',4.00,8,18,'2025-02-10 03:54:17','2025-02-10 03:54:17'),(676,'Ut inventore veritatis possimus.','2025-01-20',8.00,9,18,'2025-02-10 03:54:17','2025-02-10 03:54:17'),(677,'Error veritatis quod.','2025-02-06',7.00,9,18,'2025-02-10 03:54:17','2025-02-10 03:54:17'),(678,'Fugit iure necessitatibus aperiam.','2025-01-23',7.00,9,18,'2025-02-10 03:54:17','2025-02-10 03:54:17'),(679,'Ratione ea.','2025-01-28',4.00,9,18,'2025-02-10 03:54:17','2025-02-10 03:54:17'),(680,'Eligendi dolor consequatur.','2025-01-27',4.00,10,18,'2025-02-10 03:54:17','2025-02-10 03:54:17'),(681,'Similique repellendus expedita laborum non.','2025-01-20',5.00,10,18,'2025-02-10 03:54:17','2025-02-10 03:54:17'),(682,'Impedit quae facilis.','2025-01-16',6.00,10,18,'2025-02-10 03:54:17','2025-02-10 03:54:17'),(683,'Odit modi dolores aliquid.','2025-01-24',7.00,1,19,'2025-02-10 03:54:17','2025-02-10 03:54:17'),(684,'Hic repudiandae reiciendis.','2025-01-28',6.00,1,19,'2025-02-10 03:54:17','2025-02-10 03:54:17'),(685,'Sit officia ut rerum.','2025-02-05',6.00,1,19,'2025-02-10 03:54:17','2025-02-10 03:54:17'),(686,'Ut aut nisi est.','2025-01-19',2.00,2,19,'2025-02-10 03:54:17','2025-02-10 03:54:17'),(687,'Aut sunt ut.','2025-02-01',4.00,2,19,'2025-02-10 03:54:17','2025-02-10 03:54:17'),(688,'Accusamus culpa qui.','2025-01-11',2.00,2,19,'2025-02-10 03:54:17','2025-02-10 03:54:17'),(689,'Aut perferendis cupiditate aperiam.','2025-01-20',5.00,3,19,'2025-02-10 03:54:17','2025-02-10 03:54:17'),(690,'Id modi.','2025-01-30',8.00,3,19,'2025-02-10 03:54:17','2025-02-10 03:54:17'),(691,'Necessitatibus molestiae sint.','2025-01-29',5.00,3,19,'2025-02-10 03:54:17','2025-02-10 03:54:17'),(692,'Sed aut porro repudiandae.','2025-02-02',8.00,3,19,'2025-02-10 03:54:17','2025-02-10 03:54:17'),(693,'Et et consequuntur.','2025-01-28',6.00,3,19,'2025-02-10 03:54:17','2025-02-10 03:54:17'),(694,'Ex ad ipsa.','2025-01-25',3.00,4,19,'2025-02-10 03:54:17','2025-02-10 03:54:17'),(695,'Quaerat consectetur corrupti est.','2025-02-07',3.00,4,19,'2025-02-10 03:54:17','2025-02-10 03:54:17'),(696,'Quia esse repudiandae omnis.','2025-01-14',4.00,4,19,'2025-02-10 03:54:17','2025-02-10 03:54:17'),(697,'Sit officiis rem culpa.','2025-02-06',4.00,4,19,'2025-02-10 03:54:17','2025-02-10 03:54:17'),(698,'Ratione ut enim esse.','2025-01-30',2.00,4,19,'2025-02-10 03:54:17','2025-02-10 03:54:17'),(699,'Dolorum et veniam dicta.','2025-02-06',7.00,5,19,'2025-02-10 03:54:17','2025-02-10 03:54:17'),(700,'Optio voluptate qui.','2025-01-20',8.00,5,19,'2025-02-10 03:54:17','2025-02-10 03:54:17'),(701,'Itaque laboriosam cupiditate.','2025-01-21',8.00,5,19,'2025-02-10 03:54:17','2025-02-10 03:54:17'),(702,'Nulla quo sed est.','2025-02-06',6.00,5,19,'2025-02-10 03:54:17','2025-02-10 03:54:17'),(703,'Voluptatem excepturi voluptatum.','2025-01-27',8.00,5,19,'2025-02-10 03:54:17','2025-02-10 03:54:17'),(704,'Vero nostrum mollitia quidem officia.','2025-01-13',7.00,6,19,'2025-02-10 03:54:17','2025-02-10 03:54:17'),(705,'Officia sequi earum.','2025-02-02',8.00,6,19,'2025-02-10 03:54:17','2025-02-10 03:54:17'),(706,'Mollitia consequatur ea.','2025-01-24',3.00,6,19,'2025-02-10 03:54:17','2025-02-10 03:54:17'),(707,'Magnam nulla praesentium ad.','2025-01-11',8.00,7,19,'2025-02-10 03:54:17','2025-02-10 03:54:17'),(708,'Ut ea ipsa.','2025-02-04',8.00,7,19,'2025-02-10 03:54:17','2025-02-10 03:54:17'),(709,'Sint maxime.','2025-01-11',7.00,7,19,'2025-02-10 03:54:17','2025-02-10 03:54:17'),(710,'Impedit facere ullam animi.','2025-02-06',8.00,7,19,'2025-02-10 03:54:17','2025-02-10 03:54:17'),(711,'At nam rerum ratione.','2025-02-01',5.00,8,19,'2025-02-10 03:54:17','2025-02-10 03:54:17'),(712,'Ut ut neque.','2025-02-02',5.00,8,19,'2025-02-10 03:54:17','2025-02-10 03:54:17'),(713,'Dolorem et dolor.','2025-01-31',3.00,8,19,'2025-02-10 03:54:17','2025-02-10 03:54:17'),(714,'Praesentium ducimus blanditiis saepe.','2025-01-19',8.00,8,19,'2025-02-10 03:54:17','2025-02-10 03:54:17'),(715,'Ullam vero quia pariatur eum.','2025-01-22',2.00,9,19,'2025-02-10 03:54:17','2025-02-10 03:54:17'),(716,'Et et ut.','2025-01-30',7.00,9,19,'2025-02-10 03:54:17','2025-02-10 03:54:17'),(717,'Nam molestiae amet.','2025-01-17',1.00,9,19,'2025-02-10 03:54:17','2025-02-10 03:54:17'),(718,'Quis aut vitae.','2025-02-05',7.00,9,19,'2025-02-10 03:54:17','2025-02-10 03:54:17'),(719,'Sunt ut eum iusto.','2025-01-29',8.00,9,19,'2025-02-10 03:54:17','2025-02-10 03:54:17'),(720,'Nisi molestiae repellendus deleniti.','2025-01-13',6.00,10,19,'2025-02-10 03:54:17','2025-02-10 03:54:17'),(721,'A dicta eaque.','2025-01-15',7.00,10,19,'2025-02-10 03:54:17','2025-02-10 03:54:17'),(722,'Est esse amet.','2025-02-08',3.00,10,19,'2025-02-10 03:54:17','2025-02-10 03:54:17'),(723,'Eveniet blanditiis distinctio similique dolorum.','2025-01-30',8.00,10,19,'2025-02-10 03:54:17','2025-02-10 03:54:17'),(724,'Consequuntur accusamus sit.','2025-01-26',8.00,1,20,'2025-02-10 03:54:17','2025-02-10 03:54:17'),(725,'Expedita similique.','2025-02-02',7.00,1,20,'2025-02-10 03:54:17','2025-02-10 03:54:17'),(726,'Nemo debitis qui quo.','2025-02-09',2.00,1,20,'2025-02-10 03:54:17','2025-02-10 03:54:17'),(727,'Consequatur vel provident.','2025-01-16',2.00,1,20,'2025-02-10 03:54:17','2025-02-10 03:54:17'),(728,'Qui asperiores perferendis debitis.','2025-02-07',3.00,1,20,'2025-02-10 03:54:17','2025-02-10 03:54:17'),(729,'Earum nulla dolorem ut.','2025-01-17',6.00,2,20,'2025-02-10 03:54:17','2025-02-10 03:54:17'),(730,'Vitae molestias qui qui.','2025-01-11',4.00,2,20,'2025-02-10 03:54:17','2025-02-10 03:54:17'),(731,'Sed quia est.','2025-01-22',1.00,2,20,'2025-02-10 03:54:17','2025-02-10 03:54:17'),(732,'Delectus ipsa est.','2025-02-06',2.00,2,20,'2025-02-10 03:54:17','2025-02-10 03:54:17'),(733,'Qui voluptas sit.','2025-02-04',8.00,3,20,'2025-02-10 03:54:17','2025-02-10 03:54:17'),(734,'Tempore dolor.','2025-01-13',6.00,3,20,'2025-02-10 03:54:17','2025-02-10 03:54:17'),(735,'Ut nisi sint quis.','2025-02-02',4.00,3,20,'2025-02-10 03:54:17','2025-02-10 03:54:17'),(736,'Voluptas perferendis reprehenderit.','2025-01-24',1.00,3,20,'2025-02-10 03:54:17','2025-02-10 03:54:17'),(737,'Earum eaque nobis aut.','2025-01-19',3.00,4,20,'2025-02-10 03:54:17','2025-02-10 03:54:17'),(738,'Amet non commodi.','2025-01-13',8.00,4,20,'2025-02-10 03:54:17','2025-02-10 03:54:17'),(739,'Quia vel labore neque.','2025-01-22',5.00,4,20,'2025-02-10 03:54:17','2025-02-10 03:54:17'),(740,'Id enim quibusdam.','2025-02-06',7.00,4,20,'2025-02-10 03:54:17','2025-02-10 03:54:17'),(741,'Natus ratione doloremque.','2025-01-19',1.00,5,20,'2025-02-10 03:54:17','2025-02-10 03:54:17'),(742,'Et sed labore non.','2025-01-22',7.00,5,20,'2025-02-10 03:54:17','2025-02-10 03:54:17'),(743,'Quasi a beatae.','2025-01-14',6.00,5,20,'2025-02-10 03:54:17','2025-02-10 03:54:17'),(744,'Enim quia odio quia.','2025-01-24',6.00,6,20,'2025-02-10 03:54:17','2025-02-10 03:54:17'),(745,'Iste quaerat dolores est.','2025-01-29',1.00,6,20,'2025-02-10 03:54:17','2025-02-10 03:54:17'),(746,'Labore quae nisi.','2025-02-05',3.00,6,20,'2025-02-10 03:54:17','2025-02-10 03:54:17'),(747,'Quaerat sunt sit labore quo.','2025-02-01',2.00,6,20,'2025-02-10 03:54:17','2025-02-10 03:54:17'),(748,'Voluptas voluptas error perferendis.','2025-02-08',2.00,6,20,'2025-02-10 03:54:17','2025-02-10 03:54:17'),(749,'Accusantium qui qui.','2025-01-24',6.00,7,20,'2025-02-10 03:54:17','2025-02-10 03:54:17'),(750,'Reiciendis vel dolores repellendus.','2025-01-12',3.00,7,20,'2025-02-10 03:54:17','2025-02-10 03:54:17'),(751,'Dignissimos dolore ipsum.','2025-01-12',6.00,7,20,'2025-02-10 03:54:17','2025-02-10 03:54:17'),(752,'Nobis expedita accusamus non.','2025-02-08',2.00,7,20,'2025-02-10 03:54:17','2025-02-10 03:54:17'),(753,'Et et et.','2025-02-06',2.00,7,20,'2025-02-10 03:54:17','2025-02-10 03:54:17'),(754,'Quo qui aliquid impedit.','2025-01-11',1.00,8,20,'2025-02-10 03:54:17','2025-02-10 03:54:17'),(755,'Tempora commodi.','2025-01-21',3.00,8,20,'2025-02-10 03:54:17','2025-02-10 03:54:17'),(756,'Hic nemo veritatis.','2025-01-21',7.00,8,20,'2025-02-10 03:54:17','2025-02-10 03:54:17'),(757,'Provident saepe aliquam dolorem.','2025-01-23',7.00,9,20,'2025-02-10 03:54:17','2025-02-10 03:54:17'),(758,'Porro possimus corporis illum.','2025-01-24',8.00,9,20,'2025-02-10 03:54:17','2025-02-10 03:54:17'),(759,'Dicta rem qui.','2025-01-19',6.00,9,20,'2025-02-10 03:54:17','2025-02-10 03:54:17'),(760,'Repudiandae rerum provident.','2025-01-15',6.00,9,20,'2025-02-10 03:54:17','2025-02-10 03:54:17'),(761,'Odio quas est adipisci.','2025-01-16',2.00,9,20,'2025-02-10 03:54:17','2025-02-10 03:54:17'),(762,'Sed et sed voluptatem.','2025-01-11',4.00,10,20,'2025-02-10 03:54:17','2025-02-10 03:54:17'),(763,'Rem cupiditate placeat.','2025-01-20',7.00,10,20,'2025-02-10 03:54:17','2025-02-10 03:54:17'),(764,'Sit occaecati et.','2025-01-26',3.00,10,20,'2025-02-10 03:54:17','2025-02-10 03:54:17');
/*!40000 ALTER TABLE `timesheets` ENABLE KEYS */;
UNLOCK TABLES;

--
-- Table structure for table `users`
--

DROP TABLE IF EXISTS `users`;
/*!40101 SET @saved_cs_client     = @@character_set_client */;
/*!40101 SET character_set_client = utf8 */;
CREATE TABLE `users` (
  `id` bigint unsigned NOT NULL AUTO_INCREMENT,
  `email` varchar(255) COLLATE utf8mb4_unicode_ci NOT NULL,
  `email_verified_at` timestamp NULL DEFAULT NULL,
  `password` varchar(255) COLLATE utf8mb4_unicode_ci NOT NULL,
  `remember_token` varchar(100) COLLATE utf8mb4_unicode_ci DEFAULT NULL,
  `created_at` timestamp NULL DEFAULT NULL,
  `updated_at` timestamp NULL DEFAULT NULL,
  `first_name` varchar(255) COLLATE utf8mb4_unicode_ci DEFAULT NULL,
  `last_name` varchar(255) COLLATE utf8mb4_unicode_ci DEFAULT NULL,
  PRIMARY KEY (`id`),
  UNIQUE KEY `users_email_unique` (`email`)
) ENGINE=InnoDB AUTO_INCREMENT=11 DEFAULT CHARSET=utf8mb4 COLLATE=utf8mb4_unicode_ci;
/*!40101 SET character_set_client = @saved_cs_client */;

--
-- Dumping data for table `users`
--

LOCK TABLES `users` WRITE;
/*!40000 ALTER TABLE `users` DISABLE KEYS */;
INSERT INTO `users` VALUES (1,'zemlak.elisa@example.org',NULL,'$2y$12$Mw9r2p5lHv6fW5RH/JlHR.faNB60yYtEwaW7OzbjX1nvbtYwR20Te',NULL,'2025-02-10 03:54:15','2025-02-10 03:54:15','Marjory','Gutkowski'),(2,'ivah46@example.net',NULL,'$2y$12$ls.CtHdA47BqvGUc3DFffOv74C1LTilI1ItyBVovdpTbqn/ECdwBG',NULL,'2025-02-10 03:54:15','2025-02-10 03:54:15','Nolan','Bins'),(3,'lauryn98@example.com',NULL,'$2y$12$f2kxPgx1.Fru71O2H2.pG..4ycDZQT7VJNtIb3jpzxfraYUQ37TPS',NULL,'2025-02-10 03:54:15','2025-02-10 03:54:15','Cara','Mante'),(4,'jackie.king@example.net',NULL,'$2y$12$ot//1LBSkP2SpkN5tJRn5etdA5GZy0zsXF2i5oxEGUoEuL2UuiD4a',NULL,'2025-02-10 03:54:15','2025-02-10 03:54:15','Una','Schaefer'),(5,'savanna80@example.com',NULL,'$2y$12$iSufPSEChDz92U1ekemxAutdFsHL.82QNUC0o11v2/Nkxk9NnHRKO',NULL,'2025-02-10 03:54:15','2025-02-10 03:54:15','Odell','Kuphal'),(6,'davon.gutkowski@example.com',NULL,'$2y$12$th7D8Ak6dN6etLmOp/h8S.zhWjzlQU9nw5YPHCbLQRSw9N1jEB1b2',NULL,'2025-02-10 03:54:16','2025-02-10 03:54:16','Howard','Kulas'),(7,'christopher19@example.org',NULL,'$2y$12$apAKqedxQ4NjfmatyJk9nuYOXdnY9QZwJWghsrGOlji9EM65QT36a',NULL,'2025-02-10 03:54:16','2025-02-10 03:54:16','Kathryn','Nader'),(8,'bettie10@example.com',NULL,'$2y$12$PJKMNJm3LJjLQQGHo/SOJuu/L6Ad0pjJUbJevGdFVpIGmVMjVXCLy',NULL,'2025-02-10 03:54:16','2025-02-10 03:54:16','Gordon','Greenfelder'),(9,'jay.larson@example.org',NULL,'$2y$12$qPIo2hFqhByKab0jY4edPeknMSipHZNqQvRdlkljqHK7zwhZazP1y',NULL,'2025-02-10 03:54:16','2025-02-10 03:54:16','Autumn','Windler'),(10,'mayert.chet@example.com',NULL,'$2y$12$Th8z30ygMzNcvZ.wbeE59O0YKO5XQv2hJN/nkZf8VcTTrcUVWpoKq',NULL,'2025-02-10 03:54:17','2025-02-10 03:54:17','Jayden','Weissnat');
/*!40000 ALTER TABLE `users` ENABLE KEYS */;
UNLOCK TABLES;
/*!40103 SET TIME_ZONE=@OLD_TIME_ZONE */;

/*!40101 SET SQL_MODE=@OLD_SQL_MODE */;
/*!40014 SET FOREIGN_KEY_CHECKS=@OLD_FOREIGN_KEY_CHECKS */;
/*!40014 SET UNIQUE_CHECKS=@OLD_UNIQUE_CHECKS */;
/*!40101 SET CHARACTER_SET_CLIENT=@OLD_CHARACTER_SET_CLIENT */;
/*!40101 SET CHARACTER_SET_RESULTS=@OLD_CHARACTER_SET_RESULTS */;
/*!40101 SET COLLATION_CONNECTION=@OLD_COLLATION_CONNECTION */;
/*!40111 SET SQL_NOTES=@OLD_SQL_NOTES */;

-- Dump completed on 2025-02-10 14:58:03
